event_id,source_id,source_organization,narrative_excerpt,canonical_injury,audited_injury,canonical_fatality,audited_fatality,canonical_actual,audited_actual,consequence_status,error_code,explanation,recommended_repair
EVT-BSEE-0060,SRC-BSEE-0060,Bureau of Safety and Environmental Enforcement (BSEE),"Safety Alert No. 459  March 8, 2023  Contact: bseepublicaffairs@bsee.gov  Phone: (800) 200-4853    Lack of   training with Hydraulic Torque Wrench contributes to fatality  aboard the drillship        Figure 1. Floorhand Bolt Removal Figure 2. Riser B",Fatal injury,Fatal injury,True,True,Fatal injury occurred.,Fatal injury occurred.,SUPPORTED,NONE,Consequence accurately aligns with source text.,PRESERVE
EVT-BSEE-0005,SRC-BSEE-0005,Bureau of Safety and Environmental Enforcement (BSEE),"Safety Alert No. 519  Date: July 1, 2026  Contact: bseepublicaffairs@bsee.gov  Phone: (800) 200-4853  Verify Riser Fin Retention Systems Before Prompts  Riser-Handling Operations                                                                        ",Fatal injury,Fatal injury,True,True,Fatal injury occurred.,Fatal injury occurred.,SUPPORTED,NONE,Consequence accurately aligns with source text.,PRESERVE
EVT-BSEE-0317,SRC-BSEE-0317,Bureau of Safety and Environmental Enforcement (BSEE),"U.S. Department of the Interior Minerals Management Service Gulf of Mexico OCS Region Safety Alert No. 202 June 20, 2002 Contact: Jack Williams (504) 731-3012 Temporary Crane Support Failure — Fatality Recently, a 20-ton capacity temporary rental cra",Fatal injury,Fatal injury,True,True,Fatal injury occurred.,Fatal injury occurred.,SUPPORTED,NONE,Consequence accurately aligns with source text.,PRESERVE
EVT-BSEE-0078,SRC-BSEE-0078,Bureau of Safety and Environmental Enforcement (BSEE),"Contact: bseepublicaffairs@bsee.gov  Phone: (800) 200-4853                  Toppled Hydraulic Workover Unit Results in Fatality      Hydraulic Workover Unit Before(left) and After (right) Fatal Incident  Recently, a hydraulic workover unit (HWU) topp",Fatal injury,Fatal injury,True,True,Fatal injury occurred.,Fatal injury occurred.,SUPPORTED,NONE,Consequence accurately aligns with source text.,PRESERVE
EVT-BSEE-0363,SRC-BSEE-0363,Bureau of Safety and Environmental Enforcement (BSEE),"Safety Alert No. 156 - Fire on the Water Beneath Facilities http://www.gomr.boemre.gov/homepg/offshore/safety/safealt/SA_156...  U.S.    Department of the Interior   Minerals Management Service   Gulf of Mexico OCS Region   Notice No. 156  July 6, 19",null,Burn injury,False,False,None reported / Equipment stoppage or minor disruption.,Burn injury,CONTRADICTED,SEM-009,Source narrative documents injury but consequence field records null/none reported.,Set consequence.injury='Burn injury' and update actual consequence.
EVT-BSEE-0335,SRC-BSEE-0335,Bureau of Safety and Environmental Enforcement (BSEE),"U.S. Department of the Interior Minerals Management Service Gulf of Mexico OCS Region Safety Alert No. 184 November 19, 1999 Contact: Frank Pausina 504-736-2560 Fire with Fatality and Injuries An operator, in attempting to return to production a well",Fatal injury,Fatal injury,True,True,Fatal injury occurred.,Fatal injury occurred.,SUPPORTED,NONE,Consequence accurately aligns with source text.,PRESERVE
EVT-BSEE-0043,SRC-BSEE-0043,Bureau of Safety and Environmental Enforcement (BSEE),Figure 2 - Part of casing protruding out of well drive-pipe.                                                                                                                                                                                              ,Fatal injury,Fatal injury,True,True,Fatal injury occurred.,Fatal injury occurred.,SUPPORTED,NONE,Consequence accurately aligns with source text.,PRESERVE
EVT-BSEE-0350,SRC-BSEE-0350,Bureau of Safety and Environmental Enforcement (BSEE),Safety Alert No. 169 - Personnel Falls Result in Three Fatalities http://www.gomr.boemre.gov/homepg/offshore/safety/safealt/SA_169...  U.S.    Department of the Interior   Minerals Management Service   Gulf of Mexico OCS Region   Notice No. 169  Nove,Fatal injury,Fatal injury,True,True,Fatal injury occurred.,Fatal injury occurred.,SUPPORTED,NONE,Consequence accurately aligns with source text.,PRESERVE
EVT-BSEE-0039,SRC-BSEE-0039,Bureau of Safety and Environmental Enforcement (BSEE),SAFETY ALERT  Contact: bseepublicaffairs@bsee.gov  Phone: 800.200.4853           Fingerboard Locking Bolt Failure Leads to Near Miss  Incident  The Bureau of Safety and Environmental Enforcement (BSEE) recently investigated a  high potential near mis,Fatal injury,Fatal injury,True,True,Fatal injury occurred.,Fatal injury occurred.,SUPPORTED,NONE,Consequence accurately aligns with source text.,PRESERVE
EVT-BSEE-0312,SRC-BSEE-0312,Bureau of Safety and Environmental Enforcement (BSEE),Safety Alert No. 207-Rentqal Crane Bracing Failure in Fatalityhttp://www.gomr.boemre.gov/homepg/offshore/safety/safealt/SA_207... U.S. Department of the Interior Minerals Management Service Gulf of Mexico OCS Region Safety Alert No. 207Contact: Jack ,Fatal injury,Fatal injury,True,True,Fatal injury occurred.,Fatal injury occurred.,SUPPORTED,NONE,Consequence accurately aligns with source text.,PRESERVE
EVT-BSEE-0274,SRC-BSEE-0274,Bureau of Safety and Environmental Enforcement (BSEE),"Safety Alert No. 241  Contact: Glenn Woltman July 6, 2006  (504) 736-2438  Shallow-Gas Blowout and Rig Evacuation  While drilling below drive pipe in open water in the South Timbalier area, the operator experienced an  unexpected gas flow at surface,",Fracture / Lost time injury,Fracture / serious personal injury,False,False,Lost time / serious personal injury sustained.,Lost time / serious personal injury sustained.,SUPPORTED,NONE,Consequence accurately aligns with source text.,PRESERVE
EVT-BSEE-0027,SRC-BSEE-0027,Bureau of Safety and Environmental Enforcement (BSEE),SAFETY ALERT  Contact: bseepublicaffairs@bsee.gov  Phone: (800) 200-4853           BSEE Alerts Offshore Workers to Series of Incidents  Involving Self-Retracting Lanyards for Fall Protection   The Bureau of Safety and Environmental Enforcement (BSEE),First aid / minor laceration or contusion,None reported,False,False,Minor injury requiring first aid or medical attention.,Minor injury requiring first aid or medical attention.,SUPPORTED,NONE,Consequence accurately aligns with source text.,PRESERVE
EVT-BSEE-0347,SRC-BSEE-0347,Bureau of Safety and Environmental Enforcement (BSEE),"http://www.gomr.boemre.gov/homepg/offshore/safety/safealt/SA_172...  U.S.    Department of the Interior  Minerals Management Service   Gulf of Mexico OCS Region   Notice No. 172  August 27, 1997  Personnel Overexposed to Carbon Monoxide  Recently, wh",null,Personal injury requiring hospitalization,False,False,None reported / Equipment stoppage or minor disruption.,Personal injury requiring hospitalization,CONTRADICTED,SEM-009,Source narrative documents injury but consequence field records null/none reported.,Set consequence.injury='Personal injury requiring hospitalization' and update actual consequence.
EVT-BSEE-0015,SRC-BSEE-0015,Bureau of Safety and Environmental Enforcement (BSEE),"Safety Alert No. 506  Date: Sept. 30, 2025  Contact: bseepublicaffairs@bsee.gov  Phone: (800) 200-4853  Arc Flash Incident Highlights Critical Need for Voltage Verification  During Offshore Electrical Maintenance                                   Inc",null,Second-degree burn injury,False,False,None reported / Equipment stoppage or minor disruption.,Second-degree burn injury,CONTRADICTED,SEM-009,Source narrative documents injury but consequence field records null/none reported.,Set consequence.injury='Second-degree burn injury' and update actual consequence.
EVT-BSEE-0012,SRC-BSEE-0012,Bureau of Safety and Environmental Enforcement (BSEE),"Safety Alert No. 509  Contact: bseepublicaffairs@bsee.gov                    Date: Dec. 3, 2025  Phone: (800) 200-4853  Miscommunication and Trapped Pressure Causes  Injury During Valve Maintenance    Figure 1: Trapped Pressure on Control Valve being",First aid / minor laceration or contusion,None reported,False,False,Minor injury requiring first aid or medical attention.,Minor injury requiring first aid or medical attention.,SUPPORTED,NONE,Consequence accurately aligns with source text.,PRESERVE
EVT-BSEE-0361,SRC-BSEE-0361,Bureau of Safety and Environmental Enforcement (BSEE),Safety Alert No. 158 - Water-Treating Facility Upset Leads to Fire on... http://www.gomr.boemre.gov/homepg/offshore/safety/safealt/SA_158...  U.S.    Department of the Interior   Minerals Management Service   Gulf of Mexico OCS Region   Notice No. 15,null,Burn injury,False,False,None reported / Equipment stoppage or minor disruption.,Burn injury,CONTRADICTED,SEM-009,Source narrative documents injury but consequence field records null/none reported.,Set consequence.injury='Burn injury' and update actual consequence.
EVT-BSEE-0064,SRC-BSEE-0064,Bureau of Safety and Environmental Enforcement (BSEE),SAFETY ALERT  Contact: bseepublicaffairs@bsee.gov  Phone: (800) 200-4853     Figure 1 – Temporarily installed air dryer with bull hose connections.  Original whip check position (Left Circle) and the location of the injured  persons hand placement on,First aid / minor laceration or contusion,None reported,False,False,Minor injury requiring first aid or medical attention.,Minor injury requiring first aid or medical attention.,SUPPORTED,NONE,Consequence accurately aligns with source text.,PRESERVE
EVT-BSEE-0068,SRC-BSEE-0068,Bureau of Safety and Environmental Enforcement (BSEE),"Contact: bseepublicaffairs@bsee.gov  Phone: (800) 200-4853                  Body Mechanics, Lifting Techniques, and Repetitive  Motion Lead to Strain Injuries    Reenactment of recent injury due to excessive force and awkward body position      The B",Fatal injury,Fatal injury,True,True,Fatal injury occurred.,Fatal injury occurred.,SUPPORTED,NONE,Consequence accurately aligns with source text.,PRESERVE
EVT-BSEE-0345,SRC-BSEE-0345,Bureau of Safety and Environmental Enforcement (BSEE),Safety Alert No. 174 - Accumulation of Gas in Living Quarters Result... http://www.gomr.boemre.gov/homepg/offshore/safety/safealt/sa_174 U.S.    Department of the Interior   Minerals Management Service   Gulf of Mexico OCS Region   Notice No. 174  No,null,Burn injury,False,False,None reported / Equipment stoppage or minor disruption.,Burn injury,CONTRADICTED,SEM-009,Source narrative documents injury but consequence field records null/none reported.,Set consequence.injury='Burn injury' and update actual consequence.
EVT-BSEE-0061,SRC-BSEE-0061,Bureau of Safety and Environmental Enforcement (BSEE),"SAFETY ALERT  Contact: bseepublicaffairs@bsee.gov  Phone: (800) 200-4853              Investigation of Subsea Leak Identifies the Use of Materials  Susceptible to Hydrogen Embrittlement          In July 2020, approximately 479 barrels of oil released",Fracture / Lost time injury,Fracture / serious personal injury,False,False,Lost time / serious personal injury sustained.,Lost time / serious personal injury sustained.,SUPPORTED,NONE,Consequence accurately aligns with source text.,PRESERVE
EVT-BSEE-0227,SRC-BSEE-0227,Bureau of Safety and Environmental Enforcement (BSEE),"BOEM  U.S. Department of the Interior  Bureau of Ocean Energy Management,  Regulation, and  Enforcement   Gulf of Mexico OCS Region  Safety  Alert  Safety Alert No. 289 	 27 September 2010 	 Contact:  Glynn T. Breaux  (504) 736-2560  Failure to Follo",Fatal injury,Fatal injury,True,True,Fatal injury occurred.,Fatal injury occurred.,SUPPORTED,NONE,Consequence accurately aligns with source text.,PRESERVE
EVT-BSEE-0066,SRC-BSEE-0066,Bureau of Safety and Environmental Enforcement (BSEE),"Contact: bseepublicaffairs@bsee.gov  Phone: 800.200.4853                  Fires During Decommissioning Cause Injuries                                              Recently, a contractor was injured by a severe flash fire while performing “hot work” 1",First aid / minor laceration or contusion,Burn injury,False,False,Minor injury requiring first aid or medical attention.,Minor injury requiring first aid or medical attention.,SUPPORTED,NONE,Consequence accurately aligns with source text.,PRESERVE
EVT-BSEE-0225,SRC-BSEE-0225,Bureau of Safety and Environmental Enforcement (BSEE),"BOEMRE  U.S. Department of the Interior  Bureau of Ocean Energy Management,  Regulation and Enforcement  Gulf of Mexico OCS Region  Safety  Alert  Safety Alert No. 291 Contact:  Glynn T. Breaux  10 January 2011 (504) 736-2560  Cutting into Process Pi",Fatal injury,Fatal injury,True,True,Fatal injury occurred.,Fatal injury occurred.,SUPPORTED,NONE,Consequence accurately aligns with source text.,PRESERVE
EVT-BSEE-0236,SRC-BSEE-0236,Bureau of Safety and Environmental Enforcement (BSEE),"MMS  U.S. Department of the Interior  Minerals Management Service   Gulf of Mexico OCS Region  Safety  Alert  Safety Alert No. 280 Contact:  Manny Gagliano  May 13, 2009 (504) 736 2549  Worker Fatally Struck by Moving Pipe During Pipelay Operations  ",Fatal injury,Fatal injury,True,True,Fatal injury occurred.,Fatal injury occurred.,SUPPORTED,NONE,Consequence accurately aligns with source text.,PRESERVE
EVT-BSEE-0001,SRC-BSEE-0001,Bureau of Safety and Environmental Enforcement (BSEE),Segregate Pyrotechnics and Verify Flare Type   Before Emergency Drills         Figure 1: Parachute Flare    Background  The Marine Minerals Administration Gulf of America Region recently investigated an  incident in which a worker sustained second-de,null,Second-degree burn injury,False,False,None reported / Equipment stoppage or minor disruption.,Second-degree burn injury,CONTRADICTED,SEM-009,Source narrative documents injury but consequence field records null/none reported.,Set consequence.injury='Second-degree burn injury' and update actual consequence.
EVT-BSEE-0211,SRC-BSEE-0211,Bureau of Safety and Environmental Enforcement (BSEE),"1      BSEE      U.S. Department of the Interior  Bureau of Safety and Environmental  Enforcement    Safety  Alert    Safety Alert 305 Contact:  Kevin Sterling  25 November 2013 (504) 731-1523    Explosion, Fire and Fatalities West Delta Block 32 Pla",Fatal injury,Burn injury,True,True,Fatal injury occurred.,Fatal injury occurred.,SUPPORTED,NONE,Consequence accurately aligns with source text.,PRESERVE
EVT-BSEE-0257,SRC-BSEE-0257,Bureau of Safety and Environmental Enforcement (BSEE),"MMS  U.S. Department of the Interior  Minerals Management Service   Gulf of Mexico OCS Region  Safety  Alert  Safety Alert No. 258 	Contact:  Randall Josey  16 January 2008 	(504) 736 2409  Falling Debris Causes Injury  Recently, contract rig personn",First aid / minor laceration or contusion,None reported,False,False,Minor injury requiring first aid or medical attention.,Minor injury requiring first aid or medical attention.,SUPPORTED,NONE,Consequence accurately aligns with source text.,PRESERVE
EVT-BSEE-0025,SRC-BSEE-0025,Bureau of Safety and Environmental Enforcement (BSEE),SAFETY ALERT  Contact: bseepublicaffairs@bsee.gov  Phone: (800) 200-4853     Figure 1: Looking up at the silencer. Figure 2: Perforated steel section.  Figure 3: Fall distance.           BSEE Alerts Offshore Workers to  Potential Risks of            ,Fatal injury,Fatal injury,True,True,Fatal injury occurred.,Fatal injury occurred.,SUPPORTED,NONE,Consequence accurately aligns with source text.,PRESERVE
EVT-BSEE-0191,SRC-BSEE-0191,Bureau of Safety and Environmental Enforcement (BSEE),SAFETY ALERT   Safety Alert No. 325      Contact: Douglas Morris  18 October 2017           Phone: (202) 208-3974               Bolt Failures      The Bureau of Safety and Environmental Enforcement (BSEE) has been informed about  a recent subsea bolt,None,None reported,False,False,No injuries occurred (Near Miss / Potential Consequence only).,No injuries occurred (Near Miss / Potential Consequence only).,SUPPORTED,NONE,Consequence accurately aligns with source text.,PRESERVE
EVT-BSEE-0052,SRC-BSEE-0052,Bureau of Safety and Environmental Enforcement (BSEE),"SAFETY ALERT  Contact: bseepublicaffairs@bsee.gov  Phone: (800) 200-4853            Heat Advisory – Heat-Related Illnesses Occurring Offshore    Figure 1. www.cdc.gov  Safety Alert No. 467  Aug. 22, 2023       There have been multiple recent instance",Fatal injury,Fatal injury,True,True,Fatal injury occurred.,Fatal injury occurred.,SUPPORTED,NONE,Consequence accurately aligns with source text.,PRESERVE
EVT-BSEE-0210,SRC-BSEE-0210,Bureau of Safety and Environmental Enforcement (BSEE),Trapped  Pressure Beneath  a  Tubing  Plug  Blows  Work  String  from  Well                                                                            BSEE  U.S. Department of the Inte rior  Bureau of Safety and  EnvironmentalEnforcement  Safety  Al ,First aid / minor laceration or contusion,None reported,False,False,Minor injury requiring first aid or medical attention.,Minor injury requiring first aid or medical attention.,SUPPORTED,NONE,Consequence accurately aligns with source text.,PRESERVE
EVT-BSEE-0101,SRC-BSEE-0101,Bureau of Safety and Environmental Enforcement (BSEE),"Safety Alert No. 416                                 Contact: Jason Mathews  March 11, 2021                         Phone: (504) 731-1496      Investigation into Grating Failure Fatality Reveals Deficiencies  in Hazard Identification and Communicatio",Fatal injury,Fatal injury,True,True,Fatal injury occurred.,Fatal injury occurred.,SUPPORTED,NONE,Consequence accurately aligns with source text.,PRESERVE
EVT-BSEE-0296,SRC-BSEE-0296,Bureau of Safety and Environmental Enforcement (BSEE),"U.S. Department of the Interior Minerals Management Service Gulf of Mexico OCS Region Safety Alert No. 223 November 29, 2004 Contact: Frank Pausina (504) 736-2560 Loss of Well Control Recently, during a workover operation, a well that had been shut-i",Fatal injury,Fatal injury,True,True,Fatal injury occurred.,Fatal injury occurred.,SUPPORTED,NONE,Consequence accurately aligns with source text.,PRESERVE
EVT-BSEE-0103,SRC-BSEE-0103,Bureau of Safety and Environmental Enforcement (BSEE),"Safety Alert No. 414                         Contact: Jason Mathews  February 24, 2021                                               Phone: (504) 731-1496      Ship Allisions Result in Severe Damage to Fixed Facilities                                ",None,None reported,False,False,No injuries occurred (Near Miss / Potential Consequence only).,No injuries occurred (Near Miss / Potential Consequence only).,SUPPORTED,NONE,Consequence accurately aligns with source text.,PRESERVE
EVT-BSEE-0433,SRC-BSEE-0433,Bureau of Safety and Environmental Enforcement (BSEE),Safety Alert 86 - Fatality,Fatal injury,Fatal injury,True,True,Fatal injury occurred.,Fatal injury occurred.,SUPPORTED,NONE,Consequence accurately aligns with source text.,PRESERVE
EVT-BSEE-0200,SRC-BSEE-0200,Bureau of Safety and Environmental Enforcement (BSEE),1    2    Safe   ty Alert No. – 316    12 Ju 1 2 n   e 2015             Contact:  Steve Rauch  Phone: 571-594-8383          Aviation Near Miss    Overv   iew:  BSEE recently experienced an aviation near miss that narrowly escaped becoming a head-on  ,None,None reported,False,False,No injuries occurred (Near Miss / Potential Consequence only).,No injuries occurred (Near Miss / Potential Consequence only).,SUPPORTED,NONE,Consequence accurately aligns with source text.,PRESERVE
EVT-BSEE-0050,SRC-BSEE-0050,Bureau of Safety and Environmental Enforcement (BSEE),"SAFETY ALERT  Contact: bseepublicaffairs@bsee.gov  Phone: (800) 200-4853              BSEE Identifies Medical Evacuation and Emergency Hazards  During Risk-Based Inspections  In January 2023, BSEE carried out a Performance-Based Risk Inspection (PBRI",First aid / minor laceration or contusion,None reported,False,False,Minor injury requiring first aid or medical attention.,Minor injury requiring first aid or medical attention.,SUPPORTED,NONE,Consequence accurately aligns with source text.,PRESERVE
EVT-BSEE-0498,SRC-BSEE-0498,Bureau of Safety and Environmental Enforcement (BSEE),"Safety Alert 38 - Fatality, Man Knocked Overboard",Fatal injury,Fatal injury,True,True,Fatal injury occurred.,Fatal injury occurred.,SUPPORTED,NONE,Consequence accurately aligns with source text.,PRESERVE
EVT-BSEE-0355,SRC-BSEE-0355,Bureau of Safety and Environmental Enforcement (BSEE),Safety Alert No. 164 - Attempt to Stand Gravel Pack Assembly in Der... http://www.gomr.boemre.gov/homepg/offshore/safety/safealt/SA_164...  U.S.    Department of the Interior   Minerals Management Service   Gulf of Mexico OCS Region   Notice No. 164 ,Fatal injury,Fatal injury,True,True,Fatal injury occurred.,Fatal injury occurred.,SUPPORTED,NONE,Consequence accurately aligns with source text.,PRESERVE
EVT-BSEE-0295,SRC-BSEE-0295,Bureau of Safety and Environmental Enforcement (BSEE),"U.S. Department of the Interior Minerals Management Service Gulf of Mexico OCS Region Safety Alert No. 224 December 29, 2004 Contact: Jack Williams (504) 736-1757 Erroneous Activation of Dump Valve Causes Loss of 165 bbls of Oil-Based Mud During dril",First aid / minor laceration or contusion,None reported,False,False,Minor injury requiring first aid or medical attention.,Minor injury requiring first aid or medical attention.,SUPPORTED,NONE,Consequence accurately aligns with source text.,PRESERVE
EVT-BSEE-0093,SRC-BSEE-0093,Bureau of Safety and Environmental Enforcement (BSEE),"Safety Alert No. 424                      Contact: bseepublicaffairs@bsee.gov        August 12, 2021                     Phone: (800) 200-4853       Recent Uptick in Lifting Injuries due to Unrecognized Pinch  Point Hazards                           ",Fracture / Lost time injury,Amputation injury,False,False,Lost time / serious personal injury sustained.,Lost time / serious personal injury sustained.,SUPPORTED,NONE,Consequence accurately aligns with source text.,PRESERVE
EVT-BSEE-0223,SRC-BSEE-0223,Bureau of Safety and Environmental Enforcement (BSEE),"BOEMRE  U.S. Department of the Interior  Bureau of Ocean Energy Management,  Regulation and Enforcement  Gulf of Mexico OCS Region  Safety  Alert  Safety Alert No. 293 Contact:  Glynn T. Breaux  21 March 2011 (504) 736-2560  Platform RTU Battery Char",None,None reported,False,False,No injuries occurred (Near Miss / Potential Consequence only).,No injuries occurred (Near Miss / Potential Consequence only).,SUPPORTED,NONE,Consequence accurately aligns with source text.,PRESERVE
EVT-BSEE-0445,SRC-BSEE-0445,Bureau of Safety and Environmental Enforcement (BSEE),Safety Alert 75 - Helicopter Crashes: 17 Fatalities,Fatal injury,Fatal injury,True,True,Fatal injury occurred.,Fatal injury occurred.,SUPPORTED,NONE,Consequence accurately aligns with source text.,PRESERVE
EVT-BSEE-0485,SRC-BSEE-0485,Bureau of Safety and Environmental Enforcement (BSEE),"Safety Alert 44 - Man Falls, Fatality",Fatal injury,Fatal injury,True,True,Fatal injury occurred.,Fatal injury occurred.,SUPPORTED,NONE,Consequence accurately aligns with source text.,PRESERVE
EVT-BSEE-0054,SRC-BSEE-0054,Bureau of Safety and Environmental Enforcement (BSEE),"SAFETY ALERT  Contact: bseepublicaffairs@bsee.gov  Phone: 800-200-4853                 Improper Use and Application of High-Pressure Hoses   Can Cause Injuries                    During a recent offshore inspection, a BSEE inspector observed operator",First aid / minor laceration or contusion,None reported,False,False,Minor injury requiring first aid or medical attention.,Minor injury requiring first aid or medical attention.,SUPPORTED,NONE,Consequence accurately aligns with source text.,PRESERVE
EVT-BSEE-0462,SRC-BSEE-0462,Bureau of Safety and Environmental Enforcement (BSEE),"Safety Alert 58 - Fatality, Stabbing Board Falls",Fatal injury,Fatal injury,True,True,Fatal injury occurred.,Fatal injury occurred.,SUPPORTED,NONE,Consequence accurately aligns with source text.,PRESERVE
EVT-IMCA-1750,SRC-IMCA-1750,International Marine Contractors Association (IMCA),A member has reported finding shackles used for lifting equipment in an unsafe condition,None,None reported,False,False,No injuries occurred (Near Miss / Potential Consequence only).,No injuries occurred (Near Miss / Potential Consequence only).,SUPPORTED,NONE,Consequence accurately aligns with source text.,PRESERVE
EVT-IMCA-0444,SRC-IMCA-0444,International Marine Contractors Association (IMCA),Near miss: load lifted without notice putting crew in the line of fire,None,None reported,False,False,No injuries occurred (Near Miss / Potential Consequence only).,No injuries occurred (Near Miss / Potential Consequence only).,SUPPORTED,NONE,Consequence accurately aligns with source text.,PRESERVE
EVT-IMCA-0177,SRC-IMCA-0177,International Marine Contractors Association (IMCA),"MAIB: Parted mooring rope leads to fatality Safety Flash Published on 6 February 2025 Generated on 14 September 2026 IMCA SF 02/25 3 minute read The UK Marine Accident Investigation Branch has published Safety Digest 2/2024 , consisting of lessons fr",Fatal injury,Fatal injury,True,True,Fatal injury occurred.,Fatal injury occurred.,SUPPORTED,NONE,Consequence accurately aligns with source text.,PRESERVE
EVT-IMCA-0271,SRC-IMCA-0271,International Marine Contractors Association (IMCA),USCG: hazard from discarded munitions Safety Flash Published on 27 March 2024 Generated on 14 September 2026 IMCA SF 07/24 2 minute read The United States Coastguard (USCG) had published Safety Alert 02-24 relating to hazards presented by discarded a,None,Burn injury,False,False,No injuries occurred (Near Miss / Potential Consequence only).,Burn injury,CONTRADICTED,SEM-009,Source narrative documents injury but consequence field records null/none reported.,Set consequence.injury='Burn injury' and update actual consequence.
EVT-IMCA-0186,SRC-IMCA-0186,International Marine Contractors Association (IMCA),Sudden disconnection of pressurised hose Safety Flash Published on 17 December 2024 Generated on 14 September 2026 IMCA SF 24/24 2 minute read A contractor was performing maintenance on the bulk cargo methanol system on deck of a vessel. What happene,None,None reported,False,False,No injuries occurred (Near Miss / Potential Consequence only).,No injuries occurred (Near Miss / Potential Consequence only).,SUPPORTED,NONE,Consequence accurately aligns with source text.,PRESERVE
EVT-IMCA-0249,SRC-IMCA-0249,International Marine Contractors Association (IMCA),Dropped lifting beam due to parted soft strop Safety Flash Published on 3 June 2024 Generated on 14 September 2026 IMCA SF 11/24 2 minute read During lifting operations a lifting beam weighing 4 Te was dropped from 50 cm What happened? During lifting,None,None reported,False,False,No injuries occurred (Near Miss / Potential Consequence only).,No injuries occurred (Near Miss / Potential Consequence only).,SUPPORTED,NONE,Consequence accurately aligns with source text.,PRESERVE
EVT-IMCA-0123,SRC-IMCA-0123,International Marine Contractors Association (IMCA),Head Injury in Engine Room Safety Flash Published on 14 August 2025 Generated on 14 September 2026 IMCA SF 14/25 2 minute read A Chief Engineer sustained a head laceration injury. What happened? A Chief Engineer sustained a head laceration injury aft,First aid / minor laceration or contusion,None reported,False,False,Minor injury requiring first aid or medical attention.,Minor injury requiring first aid or medical attention.,SUPPORTED,NONE,Consequence accurately aligns with source text.,PRESERVE
EVT-IMCA-0051,SRC-IMCA-0051,International Marine Contractors Association (IMCA),MSF: High potential near miss during FRC maintenance Safety Flash Published on 24 March 2026 Generated on 14 September 2026 IMCA SF 06/26 2 minute read The Marine Safety Forum (MSF) has published Safety Alert 26-01 relating to an incident where there,First aid / minor laceration or contusion,None reported,False,False,Minor injury requiring first aid or medical attention.,Minor injury requiring first aid or medical attention.,SUPPORTED,NONE,Consequence accurately aligns with source text.,PRESERVE
EVT-IMCA-0274,SRC-IMCA-0274,International Marine Contractors Association (IMCA),"Person struck and injured during lifting operations Safety Flash Published on 19 March 2024 Generated on 14 September 2026 IMCA SF 06/24 2 minute read The incident occurred during decommissioning activities on board a spar, where a fire water pump sk",Fatal injury,Fatal injury,True,True,Fatal injury occurred.,Fatal injury occurred.,SUPPORTED,NONE,Consequence accurately aligns with source text.,PRESERVE
EVT-IMCA-0121,SRC-IMCA-0121,International Marine Contractors Association (IMCA),"Shore-side crane boom collides with vessel mast Safety Flash Published on 14 August 2025 Generated on 14 September 2026 IMCA SF 14/25 2 minute read During shipyard lifting operations, the boom of a dock crane made contact with the vessel mast. What h",Fatal injury,Fatal injury,True,True,Fatal injury occurred.,Fatal injury occurred.,SUPPORTED,NONE,Consequence accurately aligns with source text.,PRESERVE
EVT-IMCA-0067,SRC-IMCA-0067,International Marine Contractors Association (IMCA),BSEE: Miscommunication and trapped pressure causes injury during valve maintenance Safety Flash Published on 13 February 2026 Generated on 14 September 2026 IMCA SF 03/26 3 minute read The United States’ Bureau of Safety & Environmental Enforcement (,First aid / minor laceration or contusion,None reported,False,False,Minor injury requiring first aid or medical attention.,Minor injury requiring first aid or medical attention.,SUPPORTED,NONE,Consequence accurately aligns with source text.,PRESERVE
EVT-IMCA-0199,SRC-IMCA-0199,International Marine Contractors Association (IMCA),Dropped sheave and clump weight Safety Flash Published on 24 October 2024 Generated on 14 September 2026 IMCA SF 21/24 2 minute read A high potential dropped object incident occurred when a sheave weighing 204kg fell 64m to deck. What happened? A hig,Fatal injury,Fatal injury,True,True,Fatal injury occurred.,Fatal injury occurred.,SUPPORTED,NONE,Consequence accurately aligns with source text.,PRESERVE
EVT-IMCA-0103,SRC-IMCA-0103,International Marine Contractors Association (IMCA),"Crane cab access platform collapsed Safety Flash Published on 2 October 2025 Generated on 14 September 2026 IMCA SF 18/25 2 minute read On a vessel crane, the access platform to the crane cab failed catastrophically. What happened? The incident occur",Fatal injury,Fatal injury,True,True,Fatal injury occurred.,Fatal injury occurred.,SUPPORTED,NONE,Consequence accurately aligns with source text.,PRESERVE
EVT-IMCA-0253,SRC-IMCA-0253,International Marine Contractors Association (IMCA),"UK MAIB: Leg injury while mooring Safety Flash Published on 3 June 2024 Generated on 14 September 2026 IMCA SF 11/24 2 minute read During unmooring operations, a crew person got caught in the bight of a messenger line mooring rope and was injured. Wh",Fracture / Lost time injury,None reported,False,False,Lost time / serious personal injury sustained.,Lost time / serious personal injury sustained.,SUPPORTED,NONE,Consequence accurately aligns with source text.,PRESERVE
EVT-IMCA-0242,SRC-IMCA-0242,International Marine Contractors Association (IMCA),UK MAIB: Man overboard &#x2013; unguarded opening Safety Flash Published on 2 July 2024 Generated on 14 September 2026 IMCA SF 13/24 3 minute read A crew member fell overboard from a vessel approaching port in the early hours of morning. The UK Marin,Fatal injury,Fatal injury,True,True,Fatal injury occurred.,Fatal injury occurred.,SUPPORTED,NONE,Consequence accurately aligns with source text.,PRESERVE
EVT-IMCA-0230,SRC-IMCA-0230,International Marine Contractors Association (IMCA),Fast Rescue Boat (FRC) comes close to falling off in a dry dock Safety Flash Published on 31 July 2024 Generated on 14 September 2026 IMCA SF 15/24 2 minute read Fast Rescue Craft tipped forward and collided with a railing. What happened? During an a,Fatal injury,Fatal injury,True,True,Fatal injury occurred.,Fatal injury occurred.,SUPPORTED,NONE,Consequence accurately aligns with source text.,PRESERVE
EVT-IMCA-0219,SRC-IMCA-0219,International Marine Contractors Association (IMCA),Non-fatal man overboard: worker fell from height into the sea Safety Flash Published on 29 August 2024 Generated on 14 September 2026 IMCA SF 17/24 2 minute read A worker fell 3 m from a new jacket into the sea. What happened? The worker was uninjure,Fatal injury,Fatal injury,True,True,Fatal injury occurred.,Fatal injury occurred.,SUPPORTED,NONE,Consequence accurately aligns with source text.,PRESERVE
EVT-IMCA-0227,SRC-IMCA-0227,International Marine Contractors Association (IMCA),"Arm injury from metal skip cover Safety Flash Published on 14 August 2024 Generated on 14 September 2026 IMCA SF 16/24 2 minute read Heavy cover of skip unexpectedly and accidentally closed, striking an individual’s arm, causing an injury. Hand and f",First aid / minor laceration or contusion,None reported,False,False,Minor injury requiring first aid or medical attention.,Minor injury requiring first aid or medical attention.,SUPPORTED,NONE,Consequence accurately aligns with source text.,PRESERVE
EVT-IMCA-0074,SRC-IMCA-0074,International Marine Contractors Association (IMCA),LTI &#x2013; back injury Safety Flash Published on 12 January 2026 Generated on 14 September 2026 IMCA SF 01/26 4 minute read A member of the crew of a crew transfer vessel (CTV) badly pulled their back whilst helping with mooring operations. What ha,First aid / minor laceration or contusion,None reported,False,False,Minor injury requiring first aid or medical attention.,Minor injury requiring first aid or medical attention.,SUPPORTED,NONE,Consequence accurately aligns with source text.,PRESERVE
EVT-IMCA-0195,SRC-IMCA-0195,International Marine Contractors Association (IMCA),NTSB: Fire on vessel &#x2013; escaped exhaust gases Safety Flash Published on 11 November 2024 Generated on 14 September 2026 IMCA SF 22/24 2 minute read The National Transportation Safety Board of the United States (NTSB) published “Safer Seas Diges,None,Burn injury,False,False,No injuries occurred (Near Miss / Potential Consequence only).,Burn injury,CONTRADICTED,SEM-009,Source narrative documents injury but consequence field records null/none reported.,Set consequence.injury='Burn injury' and update actual consequence.
EVT-IMCA-0264,SRC-IMCA-0264,International Marine Contractors Association (IMCA),Main bell wire rope damaged Safety Flash Published on 16 April 2024 Generated on 14 September 2026 IMCA SF 08/24 3 minute read A main bell wire was damaged by the proximity switch bracket being picked up by a single broken strand on the main bell wir,First aid / minor laceration or contusion,None reported,False,False,Minor injury requiring first aid or medical attention.,Minor injury requiring first aid or medical attention.,SUPPORTED,NONE,Consequence accurately aligns with source text.,PRESERVE
EVT-IMCA-0071,SRC-IMCA-0071,International Marine Contractors Association (IMCA),"Mechanic got burns due to fire in portable generator Safety Flash Published on 22 January 2026 Generated on 14 September 2026 IMCA SF 02/26 2 minute read During refuelling, petrol (gasoline) spilled around generator and ignited. What happened? A mari",First aid / minor laceration or contusion,Burn injury,False,False,Minor injury requiring first aid or medical attention.,Minor injury requiring first aid or medical attention.,SUPPORTED,NONE,Consequence accurately aligns with source text.,PRESERVE
EVT-IMCA-0140,SRC-IMCA-0140,International Marine Contractors Association (IMCA),LTI: Back injury in Confined Space (Tank Entry) Safety Flash Published on 4 June 2025 Generated on 14 September 2026 IMCA SF 10/25 2 minute read A worker sustained a back injury while transiting through a lightening hole within a confined space. What,null,Burn injury,False,False,None reported / Equipment stoppage or minor disruption.,Burn injury,CONTRADICTED,SEM-009,Source narrative documents injury but consequence field records null/none reported.,Set consequence.injury='Burn injury' and update actual consequence.
EVT-IMCA-0247,SRC-IMCA-0247,International Marine Contractors Association (IMCA),Personnel exposed to hydrogen sulphide during maintenance Safety Flash Published on 18 June 2024 Generated on 14 September 2026 IMCA SF 12/24 3 minute read Subcontractor personnel were exposed to a high concentration of Hydrogen sulphide. What happen,Fatal injury,Fatal injury,True,True,Fatal injury occurred.,Fatal injury occurred.,SUPPORTED,NONE,Consequence accurately aligns with source text.,PRESERVE
EVT-IMCA-0203,SRC-IMCA-0203,International Marine Contractors Association (IMCA),Near Miss: Smoke and fire on Main Engine Exhaust Safety Flash Published on 14 October 2024 Generated on 14 September 2026 IMCA SF 20/24 2 minute read Smoke and fire were observed coming from turbocharger flange. What happened? During sea trials follo,None,None reported,False,False,No injuries occurred (Near Miss / Potential Consequence only).,No injuries occurred (Near Miss / Potential Consequence only).,SUPPORTED,NONE,Consequence accurately aligns with source text.,PRESERVE
EVT-IMCA-0090,SRC-IMCA-0090,International Marine Contractors Association (IMCA),"Slipped on stairs, broken finger Safety Flash Published on 17 November 2025 Generated on 14 September 2026 IMCA SF 21/25 2 minute read A worker slipped while descending the staircase, and broke his finger as a result What happened? As he fell he refl",Fracture / Lost time injury,Fracture / serious personal injury,False,False,Lost time / serious personal injury sustained.,Lost time / serious personal injury sustained.,SUPPORTED,NONE,Consequence accurately aligns with source text.,PRESERVE
EVT-IMCA-0122,SRC-IMCA-0122,International Marine Contractors Association (IMCA),"Injury sustained while operating steel lifting magnet Safety Flash Published on 14 August 2025 Generated on 14 September 2026 IMCA SF 14/25 2 minute read While preparing to transfer steel plates using a steel lifting magnet, a crew person was injured",First aid / minor laceration or contusion,None reported,False,False,Minor injury requiring first aid or medical attention.,Minor injury requiring first aid or medical attention.,SUPPORTED,NONE,Consequence accurately aligns with source text.,PRESERVE
EVT-IMCA-0026,SRC-IMCA-0026,International Marine Contractors Association (IMCA),"BSEE: Prevent fires by inspecting cords, plugs and welding leads before use Safety Flash Published on 11 June 2026 Generated on 14 September 2026 IMCA SF 11/26 4 minute read The United States Bureau of Safety and Environmental Enforcement (BSEE) has ",First aid / minor laceration or contusion,None reported,False,False,Minor injury requiring first aid or medical attention.,Minor injury requiring first aid or medical attention.,SUPPORTED,NONE,Consequence accurately aligns with source text.,PRESERVE
EVT-IMCA-0092,SRC-IMCA-0092,International Marine Contractors Association (IMCA),Broken equipment repaired or replaced Safety Flash Published on 17 November 2025 Generated on 14 September 2026 IMCA SF 21/25 3 minute read What happened? A member highlights several cases of emergency equipment being broken or unserviceable. 1) Fire,First aid / minor laceration or contusion,None reported,False,False,Minor injury requiring first aid or medical attention.,Minor injury requiring first aid or medical attention.,SUPPORTED,NONE,Consequence accurately aligns with source text.,PRESERVE
EVT-IMCA-0020,SRC-IMCA-0020,International Marine Contractors Association (IMCA),"Crew member injured during mooring operation Safety Flash Published on 6 July 2026 Generated on 14 September 2026 IMCA SF 12/26 2 minute read A crew member used their foot to slow down a running mooring rope, causing them to fall to the deck. What ha",Fracture / Lost time injury,Fracture / serious personal injury,False,False,Lost time / serious personal injury sustained.,Lost time / serious personal injury sustained.,SUPPORTED,NONE,Consequence accurately aligns with source text.,PRESERVE
EVT-IMCA-0118,SRC-IMCA-0118,International Marine Contractors Association (IMCA),UK HSE: Motion Compensated Gangways Auto-Retraction Safety Flash Published on 19 August 2025 Generated on 14 September 2026 IMCA SF 15/25 4 minute read The UK Health and Safety Executive (HSE) has published Safety Notice ED03-2025 relating to power f,First aid / minor laceration or contusion,None reported,False,False,Minor injury requiring first aid or medical attention.,Minor injury requiring first aid or medical attention.,SUPPORTED,NONE,Consequence accurately aligns with source text.,PRESERVE
EVT-IMCA-1390,SRC-IMCA-1390,International Marine Contractors Association (IMCA),Stored pressure near-miss: Buckle detector expelled from pipe during recovery,None,None reported,False,False,No injuries occurred (Near Miss / Potential Consequence only).,No injuries occurred (Near Miss / Potential Consequence only).,SUPPORTED,NONE,Consequence accurately aligns with source text.,PRESERVE
EVT-IMCA-1161,SRC-IMCA-1161,International Marine Contractors Association (IMCA),"During a decommissioning operation, shears were used to cut a pipeline.",First aid / minor laceration or contusion,None reported,False,False,Minor injury requiring first aid or medical attention.,Minor injury requiring first aid or medical attention.,SUPPORTED,NONE,Consequence accurately aligns with source text.,PRESERVE
EVT-IMCA-1941,SRC-IMCA-1941,International Marine Contractors Association (IMCA),A member has reported an incident in which a crane winch wire was lost during light subsea lifting work.,None,None reported,False,False,No injuries occurred (Near Miss / Potential Consequence only).,No injuries occurred (Near Miss / Potential Consequence only).,SUPPORTED,NONE,Consequence accurately aligns with source text.,PRESERVE
EVT-IMCA-1786,SRC-IMCA-1786,International Marine Contractors Association (IMCA),Fall fatality during platform abandonment,Fatal injury,Fatal injury,True,True,Fatal injury occurred.,Fatal injury occurred.,SUPPORTED,NONE,Consequence accurately aligns with source text.,PRESERVE
EVT-IMCA-1189,SRC-IMCA-1189,International Marine Contractors Association (IMCA),A winch wire failed causing a pennant assembly and wire to fall directly into a crane basket. There were no injuries.,None,None reported,False,False,No injuries occurred (Near Miss / Potential Consequence only).,No injuries occurred (Near Miss / Potential Consequence only).,SUPPORTED,NONE,Consequence accurately aligns with source text.,PRESERVE
EVT-IMCA-2339,SRC-IMCA-2339,International Marine Contractors Association (IMCA),Fatal accident involving a horizontal watertight sliding door,Fatal injury,Fatal injury,True,True,Fatal injury occurred.,Fatal injury occurred.,SUPPORTED,NONE,Consequence accurately aligns with source text.,PRESERVE
EVT-IMCA-0653,SRC-IMCA-0653,International Marine Contractors Association (IMCA),The UK Health and Safety Executive (HSE) has published a safety alert on the catastrophic failure of a marine loading arm. Marine loading arms (MLAs) are used to transfer material from ship to shore. Full alert found here.,First aid / minor laceration or contusion,None reported,False,False,Minor injury requiring first aid or medical attention.,Minor injury requiring first aid or medical attention.,SUPPORTED,NONE,Consequence accurately aligns with source text.,PRESERVE
EVT-IMCA-0733,SRC-IMCA-0733,International Marine Contractors Association (IMCA),"The Dutch Safety Board has issued the following report on a mooring line fatality onboard chemical tanker RN Privodino on 28 June 2018, while entering the Noordersluis lock at Ijmuiden, en route to Amsterdam",Fatal injury,Fatal injury,True,True,Fatal injury occurred.,Fatal injury occurred.,SUPPORTED,NONE,Consequence accurately aligns with source text.,PRESERVE
EVT-IMCA-0913,SRC-IMCA-0913,International Marine Contractors Association (IMCA),During DP operations a vessel lost its Port azimuth thruster.,None,None reported,False,False,No injuries occurred (Near Miss / Potential Consequence only).,No injuries occurred (Near Miss / Potential Consequence only).,SUPPORTED,NONE,Consequence accurately aligns with source text.,PRESERVE
EVT-IMCA-1869,SRC-IMCA-1869,International Marine Contractors Association (IMCA),IMCA has received information about a confined space incident in which there were multiple fatalities.,Fatal injury,Fatal injury,True,True,Fatal injury occurred.,Fatal injury occurred.,SUPPORTED,NONE,Consequence accurately aligns with source text.,PRESERVE
EVT-IMCA-1386,SRC-IMCA-1386,International Marine Contractors Association (IMCA),Lost time injury (LTI): Loss of end of thumb,Fracture / Lost time injury,None reported,False,False,Lost time / serious personal injury sustained.,Lost time / serious personal injury sustained.,SUPPORTED,NONE,Consequence accurately aligns with source text.,PRESERVE
EVT-IMCA-2168,SRC-IMCA-2168,International Marine Contractors Association (IMCA),Near-miss incident involving subsea headache ball,None,None reported,False,False,No injuries occurred (Near Miss / Potential Consequence only).,No injuries occurred (Near Miss / Potential Consequence only).,SUPPORTED,NONE,Consequence accurately aligns with source text.,PRESERVE
EVT-IMCA-0126,SRC-IMCA-0126,International Marine Contractors Association (IMCA),A high voltage arc occurred inside a ROV tether termination manifold.,None,None reported,False,False,No injuries occurred (Near Miss / Potential Consequence only).,No injuries occurred (Near Miss / Potential Consequence only).,SUPPORTED,NONE,Consequence accurately aligns with source text.,PRESERVE
EVT-IMCA-1371,SRC-IMCA-1371,International Marine Contractors Association (IMCA),Confined space fatality – Sharp Lady,Fatal injury,Fatal injury,True,True,Fatal injury occurred.,Fatal injury occurred.,SUPPORTED,NONE,Consequence accurately aligns with source text.,PRESERVE
EVT-IMCA-1104,SRC-IMCA-1104,International Marine Contractors Association (IMCA),Lost time injury (LTI): fractured elbow – fall injury,Fracture / Lost time injury,Fracture / serious personal injury,False,False,Lost time / serious personal injury sustained.,Lost time / serious personal injury sustained.,SUPPORTED,NONE,Consequence accurately aligns with source text.,PRESERVE
EVT-IMCA-1836,SRC-IMCA-1836,International Marine Contractors Association (IMCA),"A Member has reported an incident in which, owing to the sudden movement of the vessel, a crane winch wire hit the crane cab with the operator inside, causing damage to the cab structure.",None,None reported,False,False,No injuries occurred (Near Miss / Potential Consequence only).,No injuries occurred (Near Miss / Potential Consequence only).,SUPPORTED,NONE,Consequence accurately aligns with source text.,PRESERVE
EVT-IMCA-0948,SRC-IMCA-0948,International Marine Contractors Association (IMCA),Near miss - Two dropped objects (MSF),None,None reported,False,False,No injuries occurred (Near Miss / Potential Consequence only).,No injuries occurred (Near Miss / Potential Consequence only).,SUPPORTED,NONE,Consequence accurately aligns with source text.,PRESERVE
EVT-IMCA-1791,SRC-IMCA-1791,International Marine Contractors Association (IMCA),Near-miss: Cable reel deck cargo broke loose,None,None reported,False,False,No injuries occurred (Near Miss / Potential Consequence only).,No injuries occurred (Near Miss / Potential Consequence only).,SUPPORTED,NONE,Consequence accurately aligns with source text.,PRESERVE
EVT-IMCA-1557,SRC-IMCA-1557,International Marine Contractors Association (IMCA),Near-miss: Man overboard,None,None reported,False,False,No injuries occurred (Near Miss / Potential Consequence only).,No injuries occurred (Near Miss / Potential Consequence only).,SUPPORTED,NONE,Consequence accurately aligns with source text.,PRESERVE
EVT-IMCA-0630,SRC-IMCA-0630,International Marine Contractors Association (IMCA),The UK Health and Safety Executive (HSE) has fined a company whose employee was fatally injured while moving heavy machinery. Press release here.,Fatal injury,Fatal injury,True,True,Fatal injury occurred.,Fatal injury occurred.,SUPPORTED,NONE,Consequence accurately aligns with source text.,PRESERVE
EVT-IMCA-0560,SRC-IMCA-0560,International Marine Contractors Association (IMCA),"A crew member suffered a pinch injury to his right hand baby finger, resulting in a distal fracture.",Fracture / Lost time injury,Fracture / serious personal injury,False,False,Lost time / serious personal injury sustained.,Lost time / serious personal injury sustained.,SUPPORTED,NONE,Consequence accurately aligns with source text.,PRESERVE
EVT-IMCA-0963,SRC-IMCA-0963,International Marine Contractors Association (IMCA),Near miss: Uncontrolled movement of gangway,None,None reported,False,False,No injuries occurred (Near Miss / Potential Consequence only).,No injuries occurred (Near Miss / Potential Consequence only).,SUPPORTED,NONE,Consequence accurately aligns with source text.,PRESERVE
EVT-HSE-0001,SRC-HSE-0001,Health and Safety Executive (UK HSE),"variants --> Title --> Service lifts in offshore and onshore wind turbines Health and Safety Executive - Safety notice Department name: Energy Division (ED) Bulletin number: ED01-2024 Issue date: 05/24 Target audience: Duty holders who design, manufa",First aid / minor laceration or contusion,None reported,False,False,Minor injury requiring first aid or medical attention.,Minor injury requiring first aid or medical attention.,SUPPORTED,NONE,Consequence accurately aligns with source text.,PRESERVE
EVT-HSE-0003,SRC-HSE-0003,Health and Safety Executive (UK HSE),variants --> Title --> Manage risk of damage to grating systems (walkways and deck areas) on offshore installations during rig moves Health and Safety Executive - Safety alert Department Name: Energy Division Bulletin No: ED09-2023 Issue Date: 09/23 ,First aid / minor laceration or contusion,None reported,False,False,Minor injury requiring first aid or medical attention.,Minor injury requiring first aid or medical attention.,SUPPORTED,NONE,Consequence accurately aligns with source text.,PRESERVE
EVT-HSE-0004,SRC-HSE-0004,Health and Safety Executive (UK HSE),variants --> Title --> Unsafe bolts on BendPak XPR series two-post vehicle lift Health and Safety Executive - Safety notice Department Name: Field Operations Division Bulletin No: FOD 02 -2023 Issue Date: August 2023 Target Audience: Users and suppli,Fatal injury,Fatal injury,True,True,Fatal injury occurred.,Fatal injury occurred.,SUPPORTED,NONE,Consequence accurately aligns with source text.,PRESERVE
EVT-HSE-0005,SRC-HSE-0005,Health and Safety Executive (UK HSE),"variants --> Title --> LPG forklift truck fire risk Health and Safety Executive - Safety notice Department name: Engagement and Policy Division (EPD) Bulletin number: EPD02-2023 Issue date: 05/23 Target audience: Anyone responsible operating, supplyi",First aid / minor laceration or contusion,None reported,False,False,Minor injury requiring first aid or medical attention.,Minor injury requiring first aid or medical attention.,SUPPORTED,NONE,Consequence accurately aligns with source text.,PRESERVE
EVT-HSE-0006,SRC-HSE-0006,Health and Safety Executive (UK HSE),"variants --> Title --> High concentration of hydrogen sulfide (H2S) in cargo and slop tanks Health and Safety Executive - Safety notice Department name: Energy Division – maritime integrity, offshore Bulletin number: ED2-2023 Issue date: 04/23 Target",First aid / minor laceration or contusion,None reported,False,False,Minor injury requiring first aid or medical attention.,Minor injury requiring first aid or medical attention.,SUPPORTED,NONE,Consequence accurately aligns with source text.,PRESERVE
EVT-HSE-0007,SRC-HSE-0007,Health and Safety Executive (UK HSE),"variants --> Title --> Unsafe use of floor grating systems in oil and gas, and wind generation Health and Safety Executive - Safety alert Department name: Energy Division – Oil and gas, wind generation Bulletin number: ED1-2023 Issue date: 03/23 Targ",First aid / minor laceration or contusion,None reported,False,False,Minor injury requiring first aid or medical attention.,Minor injury requiring first aid or medical attention.,SUPPORTED,NONE,Consequence accurately aligns with source text.,PRESERVE
EVT-HSE-0008,SRC-HSE-0008,Health and Safety Executive (UK HSE),variants --> Title --> Mast climbing work platforms: Failure to detect mechanical failure in drive units leading to uncontrolled fall of platforms Health and Safety Executive - Safety alert Department name: BSCD (Building Safety and Construction Divi,First aid / minor laceration or contusion,None reported,False,False,Minor injury requiring first aid or medical attention.,Minor injury requiring first aid or medical attention.,SUPPORTED,NONE,Consequence accurately aligns with source text.,PRESERVE
EVT-BSEE-0020,SRC-BSEE-0020,Bureau of Safety and Environmental Enforcement (BSEE),SAFETY ALERT  Contact: bseepublicaffairs@bsee.gov  Phone: (800) 200-4853           Dropped Steel Plate Due to Defective Lifting Device  and Inadequate Hazard Analysis                                       The Bureau of Safety and Environmental Enforc,null,Burn injury,False,False,None reported / Equipment stoppage or minor disruption.,Burn injury,CONTRADICTED,SEM-009,Source narrative documents injury but consequence field records null/none reported.,Set consequence.injury='Burn injury' and update actual consequence.
EVT-BSEE-0022,SRC-BSEE-0022,Bureau of Safety and Environmental Enforcement (BSEE),SAFETY ALERT  Contact: bseepublicaffairs@bsee.gov  Phone: (800) 200-4853           Explosion and Fire on Liftboat Injure Workers – BSEE Calls  for Enhanced Safety Measures and Emergency Preparedness                           The Bureau of Safety and ,None,Second-degree burn injury,False,False,No injuries occurred (Near Miss / Potential Consequence only).,Second-degree burn injury,CONTRADICTED,SEM-009,Source narrative documents injury but consequence field records null/none reported.,Set consequence.injury='Second-degree burn injury' and update actual consequence.
EVT-BSEE-0044,SRC-BSEE-0044,Bureau of Safety and Environmental Enforcement (BSEE),"SAFETY ALERT  Contact: bseepublicaffairs@bsee.gov  Phone: (800) 200-4853              Flash Fire from Oxygen Regulator Leads to Burn Injury                      During the process of decommissioning a platform, a    derrick barge crew member  sustain",null,Second-degree burn injury,False,False,None reported / Equipment stoppage or minor disruption.,Second-degree burn injury,CONTRADICTED,SEM-009,Source narrative documents injury but consequence field records null/none reported.,Set consequence.injury='Second-degree burn injury' and update actual consequence.
EVT-BSEE-0057,SRC-BSEE-0057,Bureau of Safety and Environmental Enforcement (BSEE),"Figure 1: Worksite with flange and scaffolding, where the  skillet was being installed.  Figure 2: Opposite view of the flange with a chain. hoist.    Safety Alert No. 462                      Contact: bseepublicaffairs@bsee.gov   May 12, 2023       ",null,Burn injury,False,False,None reported / Equipment stoppage or minor disruption.,Burn injury,CONTRADICTED,SEM-009,Source narrative documents injury but consequence field records null/none reported.,Set consequence.injury='Burn injury' and update actual consequence.
EVT-BSEE-0081,SRC-BSEE-0081,Bureau of Safety and Environmental Enforcement (BSEE),"Contact: bseepublicaffairs@bsee.gov  Phone: (800) 200-4853  Arc Flash Injury During Generator Hookup  In Dec. 2021, an operator was using the natural gas-powered generator for main power  and a rental generator for backup power, as the regular diesel",null,Second-degree burn injury,False,False,None reported / Equipment stoppage or minor disruption.,Second-degree burn injury,CONTRADICTED,SEM-009,Source narrative documents injury but consequence field records null/none reported.,Set consequence.injury='Second-degree burn injury' and update actual consequence.
EVT-BSEE-0270,SRC-BSEE-0270,Bureau of Safety and Environmental Enforcement (BSEE),"Safety Alert No. 245 	Contact:  Jack Williams  9 November 2006 	(504) 736-1757  Serious Fire Caused by Methanol Sprayed from   Duct-Tape Repaired Hose   In a recent incident, personnel were transferring methanol from a chemical transporter tank conne",null,Second-degree burn injury,False,False,None reported / Equipment stoppage or minor disruption.,Second-degree burn injury,CONTRADICTED,SEM-009,Source narrative documents injury but consequence field records null/none reported.,Set consequence.injury='Second-degree burn injury' and update actual consequence.
EVT-BSEE-0309,SRC-BSEE-0309,Bureau of Safety and Environmental Enforcement (BSEE),"U.S. Department of the Interior Minerals Management Service Gulf of Mexico OCS Region Safety Alert No. 210 January 8, 2003 Contact: Lee Fowler (979) 266-1004 Blowout After Cementing Surface Casing While drilling a well, an operator noted a slight gas",null,Fatal injury,False,False,None reported / Equipment stoppage or minor disruption.,Fatal injury,CONTRADICTED,SEM-009,Source narrative documents injury but consequence field records null/none reported.,Set consequence.injury='Fatal injury' and update actual consequence.
EVT-BSEE-0310,SRC-BSEE-0310,Bureau of Safety and Environmental Enforcement (BSEE),Safety Alert No.   209 - Crane Accident on the  Norwegian OCS http://www.gomr.boemre.gov/homepg/offshore/safety/safealt/SA_209...  U.S.   Department of the Interior   Minerals Management Service   Gulf   of  Mexico OCS Region   Safety  Alert     No. ,null,Fatal injury,False,False,None reported / Equipment stoppage or minor disruption.,Fatal injury,CONTRADICTED,SEM-009,Source narrative documents injury but consequence field records null/none reported.,Set consequence.injury='Fatal injury' and update actual consequence.
EVT-BSEE-0316,SRC-BSEE-0316,Bureau of Safety and Environmental Enforcement (BSEE),Safety Alert No. 203 -- Job Safety Analysis (JSA)http://www.gomr.boemre.gov/homepg/offshore/safety/safealt/SA_203... U.S. Department of the Interior Minerals Management Service Gulf of Mexico OCS Region Safety Alert No. 203Contact: David Dykes August,null,Fatal injury,False,False,None reported / Equipment stoppage or minor disruption.,Fatal injury,CONTRADICTED,SEM-009,Source narrative documents injury but consequence field records null/none reported.,Set consequence.injury='Fatal injury' and update actual consequence.
EVT-BSEE-0324,SRC-BSEE-0324,Bureau of Safety and Environmental Enforcement (BSEE),"U.S. Department of the Interior Minerals Management Service Gulf of Mexico OCS Region Safety Alert No. 195 June 1, 2001 Contact: David Dykes 504-736-3249 Riser Skate/Casing Handling Carts Two recent fatalities occurred in the Gulf of Mexico that invo",null,Fatal injury,False,False,None reported / Equipment stoppage or minor disruption.,Fatal injury,CONTRADICTED,SEM-009,Source narrative documents injury but consequence field records null/none reported.,Set consequence.injury='Fatal injury' and update actual consequence.
EVT-BSEE-0330,SRC-BSEE-0330,Bureau of Safety and Environmental Enforcement (BSEE),"U.S. Department of the Interior Minerals Management Service Gulf of Mexico OCS Region Safety Alert No. 189 July 19, 2000 Contact: Joe Gordon 504-736-2923 Guardrails Recent offshore accidents, including one fatality, occurred as a result of guardrail ",null,Fatal injury,False,False,None reported / Equipment stoppage or minor disruption.,Fatal injury,CONTRADICTED,SEM-009,Source narrative documents injury but consequence field records null/none reported.,Set consequence.injury='Fatal injury' and update actual consequence.
EVT-BSEE-0352,SRC-BSEE-0352,Bureau of Safety and Environmental Enforcement (BSEE),Safety Alert No. 167 - Retrieval of Back-Pressure Valve Results in Lo... http://www.gomr.boemre.gov/homepg/offshore/safety/safealt/SA_167...  U.S. Department of the Interior   Minerals Management Service   Gulf of Mexico OCS Region   Notice No. 167  ,null,Fatal injury,False,False,None reported / Equipment stoppage or minor disruption.,Fatal injury,CONTRADICTED,SEM-009,Source narrative documents injury but consequence field records null/none reported.,Set consequence.injury='Fatal injury' and update actual consequence.
EVT-BSEE-0358,SRC-BSEE-0358,Bureau of Safety and Environmental Enforcement (BSEE),Safety Alert No. 161 - Production Platform Gas Discharge Points http://www.gomr.boemre.gov/homepg/offshore/safety/safealt/SA_161...  U.S.    Department of the Interior   Minerals Management Service   Gulf of Mexico OCS Region   Notice No. 161  Februa,null,Burn injury,False,False,None reported / Equipment stoppage or minor disruption.,Burn injury,CONTRADICTED,SEM-009,Source narrative documents injury but consequence field records null/none reported.,Set consequence.injury='Burn injury' and update actual consequence.
EVT-BSEE-0368,SRC-BSEE-0368,Bureau of Safety and Environmental Enforcement (BSEE),Safety Alert No. 151 - Explosion of Accumulated Gas in the Engine ... http://www.gomr.boemre.gov/homepg/offshore/safety/safealt/SA_151...  U.S.    Department of the Interior   Minerals Management Service   Gulf of Mexico OCS Region   Notice No. 151  ,null,Fatal injury,False,False,None reported / Equipment stoppage or minor disruption.,Fatal injury,CONTRADICTED,SEM-009,Source narrative documents injury but consequence field records null/none reported.,Set consequence.injury='Fatal injury' and update actual consequence.
EVT-IMCA-0053,SRC-IMCA-0053,International Marine Contractors Association (IMCA),"Battery power bank explodes in cabin Safety Flash Published on 17 March 2026 Generated on 14 September 2026 IMCA SF 05/26 2 minute read On a vessel, a power bank exploded and caught fire at night whilst it was being charged. What happened? The crew m",null,Burn injury,False,False,None reported / Equipment stoppage or minor disruption.,Burn injury,CONTRADICTED,SEM-009,Source narrative documents injury but consequence field records null/none reported.,Set consequence.injury='Burn injury' and update actual consequence.
EVT-IMCA-0076,SRC-IMCA-0076,International Marine Contractors Association (IMCA),BSEE: arc flash incident &#x2013; is the wire still live? Safety Flash Published on 12 January 2026 Generated on 14 September 2026 IMCA SF 01/26 3 minute read The United States Bureau of Safety and Environmental Protection (BSEE) has published Safety,None,Burn injury,False,False,No injuries occurred (Near Miss / Potential Consequence only).,Burn injury,CONTRADICTED,SEM-009,Source narrative documents injury but consequence field records null/none reported.,Set consequence.injury='Burn injury' and update actual consequence.
EVT-IMCA-0106,SRC-IMCA-0106,International Marine Contractors Association (IMCA),Worker suffered eye injuries in electric arc incident Safety Flash Published on 2 October 2025 Generated on 14 September 2026 IMCA SF 18/25 2 minute read A Vessel ETO (Electro-Technical Officer) sustained light burn injuries to the eyes. What happene,null,Burn injury,False,False,None reported / Equipment stoppage or minor disruption.,Burn injury,CONTRADICTED,SEM-009,Source narrative documents injury but consequence field records null/none reported.,Set consequence.injury='Burn injury' and update actual consequence.
EVT-IMCA-0107,SRC-IMCA-0107,International Marine Contractors Association (IMCA),USCG: Lithium-Ion battery system installations Safety Flash Published on 2 October 2025 Generated on 14 September 2026 IMCA SF 18/25 3 minute read The United States Coastguard (USCG) has published Safety Alert 14-25 relating to Lithium-Ion (Li-Ion) b,null,Burn injury,False,False,None reported / Equipment stoppage or minor disruption.,Burn injury,CONTRADICTED,SEM-009,Source narrative documents injury but consequence field records null/none reported.,Set consequence.injury='Burn injury' and update actual consequence.
EVT-IMCA-0114,SRC-IMCA-0114,International Marine Contractors Association (IMCA),Two hand injuries caused during mooring Safety Flash Published on 4 September 2025 Generated on 14 September 2026 IMCA SF 16/25 2 minute read A member shares two incidents of hand injuries during mooring operations; one was very serious and resulted ,null,Amputation injury,False,False,None reported / Equipment stoppage or minor disruption.,Amputation injury,CONTRADICTED,SEM-009,Source narrative documents injury but consequence field records null/none reported.,Set consequence.injury='Amputation injury' and update actual consequence.
EVT-IMCA-0115,SRC-IMCA-0115,International Marine Contractors Association (IMCA),BSEE: Electromagnetic lifting device dropped steel plate Safety Flash Published on 4 September 2025 Generated on 14 September 2026 IMCA SF 16/25 3 minute read The United States Bureau of Safety and Environmental Enforcement (BSEE) has published Safet,null,Burn injury,False,False,None reported / Equipment stoppage or minor disruption.,Burn injury,CONTRADICTED,SEM-009,Source narrative documents injury but consequence field records null/none reported.,Set consequence.injury='Burn injury' and update actual consequence.
EVT-IMCA-0132,SRC-IMCA-0132,International Marine Contractors Association (IMCA),Unsafe use of electrical equipment in cabins Safety Flash Published on 3 July 2025 Generated on 14 September 2026 IMCA SF 12/25 2 minute read Crew members were observed inserting 2-pin electrical chargers directly into 3-pin vessel sockets to power t,None,Burn injury,False,False,No injuries occurred (Near Miss / Potential Consequence only).,Burn injury,CONTRADICTED,SEM-009,Source narrative documents injury but consequence field records null/none reported.,Set consequence.injury='Burn injury' and update actual consequence.
EVT-IMCA-0152,SRC-IMCA-0152,International Marine Contractors Association (IMCA),Detergent chemical burn Safety Flash Published on 29 April 2025 Generated on 14 September 2026 IMCA SF 08/25 2 minute read Leaked detergent resulted in slight chemical burns onboard a vessel. What happened? An electrician and a trainee were repairing,null,Burn injury,False,False,None reported / Equipment stoppage or minor disruption.,Burn injury,CONTRADICTED,SEM-009,Source narrative documents injury but consequence field records null/none reported.,Set consequence.injury='Burn injury' and update actual consequence.
EVT-IMCA-0169,SRC-IMCA-0169,International Marine Contractors Association (IMCA),MSF: Cook got chemicals in eye Safety Flash Published on 6 March 2025 Generated on 14 September 2026 IMCA SF 04/25 2 minute read The Marine Safety Forum (MSF) published Safety Alert 24-10 relating to an incident in which a cook got chemicals splashed,null,Burn injury,False,False,None reported / Equipment stoppage or minor disruption.,Burn injury,CONTRADICTED,SEM-009,Source narrative documents injury but consequence field records null/none reported.,Set consequence.injury='Burn injury' and update actual consequence.
EVT-IMCA-0176,SRC-IMCA-0176,International Marine Contractors Association (IMCA),"Saturation diver exposed to chemicals from pipeline Safety Flash Published on 6 February 2025 Generated on 14 September 2026 IMCA SF 02/25 2 minute read During pigging and decommissioning operations, a saturation diver was exposed to the contents of ",null,Burn injury,False,False,None reported / Equipment stoppage or minor disruption.,Burn injury,CONTRADICTED,SEM-009,Source narrative documents injury but consequence field records null/none reported.,Set consequence.injury='Burn injury' and update actual consequence.
EVT-IMCA-0197,SRC-IMCA-0197,International Marine Contractors Association (IMCA),"Main Crane failure during load test Safety Flash Published on 24 October 2024 Generated on 14 September 2026 IMCA SF 21/24 2 minute read At maximum load, the crane main block wires broke and the testing load fell into the water. What happened? While ",None,Burn injury,False,False,No injuries occurred (Near Miss / Potential Consequence only).,Burn injury,CONTRADICTED,SEM-009,Source narrative documents injury but consequence field records null/none reported.,Set consequence.injury='Burn injury' and update actual consequence.
EVT-IMCA-0237,SRC-IMCA-0237,International Marine Contractors Association (IMCA),Emergency musters and drills Safety Flash Published on 16 July 2024 Generated on 14 September 2026 IMCA SF 14/24 2 minute read Two of our members have shared recent events relating to emergency drills and musters. Incident 1 &#x2013; Emergency button,None,Burn injury,False,False,No injuries occurred (Near Miss / Potential Consequence only).,Burn injury,CONTRADICTED,SEM-009,Source narrative documents injury but consequence field records null/none reported.,Set consequence.injury='Burn injury' and update actual consequence.
EVT-IMCA-1265,SRC-IMCA-1265,International Marine Contractors Association (IMCA),"The US Bureau of Safety and Environmental Enforcement (BSEE) has published a report of a fire on an offshore production platform in the Gulf of Mexico, resulting in burn injuries to three workers.",null,Burn injury,False,False,None reported / Equipment stoppage or minor disruption.,Burn injury,CONTRADICTED,SEM-009,Source narrative documents injury but consequence field records null/none reported.,Set consequence.injury='Burn injury' and update actual consequence.
EVT-IMCA-1850,SRC-IMCA-1850,International Marine Contractors Association (IMCA),"A Member has reported an incident in which an oxygen regulator exploded when the oxygen was turned on, causing a second degree burn injury to someone’s hand.",null,Burn injury,False,False,None reported / Equipment stoppage or minor disruption.,Burn injury,CONTRADICTED,SEM-009,Source narrative documents injury but consequence field records null/none reported.,Set consequence.injury='Burn injury' and update actual consequence.
