event_id,original_sif_label,recovered_sif_label,decision,confidence,evidence_text,evidence_type,reason,source_document,source_location
EVT-BSEE-0134,FALSE,TRUE,VERIFIED_TRUE,0.95,"In 2019, there were several lifting incidents involving tote tanks offshore... heavy loads dropped during offshore crane transfer.",HIGH_ENERGY_HAZARD,Offshore crane lifts of multi-ton tote tanks involve high gravitational energy (>500kg suspended load) and line-of-fire exposure. Qualifies as SIF precursor under IOGP lifting criteria.,Safety Alert 383 - Lifting Incidents Involving Tote Tanks,"BSEE Safety Alert 383, Paragraph 1"
EVT-BSEE-0263,FALSE,TRUE,VERIFIED_TRUE,0.98,"When the storm packer was unseated, the well unloaded the annulus of calcium chloride workover fluid, forcing the rotary bushings out of the rotary table. One of the rotary bushings fell on the drill floor injuring one person while the second rotary bushing fell into the Gulf waters.",HIGH_ENERGY_HAZARD,Uncontrolled well kick / annulus unloading causing projectile ejection of heavy rotary bushings on drill floor injuring personnel. High pressure release and dropped heavy object represent severe SIF precursor.,Safety Alert 252 - Retrieving Storm Packers,"BSEE Safety Alert 252, Paragraph 1"
EVT-IMCA-0308,FALSE,TRUE,VERIFIED_TRUE,0.92,A member of the deck crew put themselves in the line of fire during landing of a structure on the back deck of a vessel.,HIGH_ENERGY_HAZARD,Personnel standing in line of fire beneath/adjacent to suspended heavy structural lift. High gravitational potential energy meets SIF near-miss precursor criteria.,29/23: Line of fire near miss during lifting operations,"IMCA Safety Flash 29/23, Narrative"
EVT-IMCA-0388,FALSE,TRUE,VERIFIED_TRUE,0.96,"A dummy choke insert was ejected from a water injection (WI) tree by force of differential pressure, while two divers were working nearby; neither diver was injured.",HIGH_ENERGY_HAZARD,High differential subsea pressure ejection of mechanical projectile directly in the active working envelope of commercial divers. High pressure and life-support proximity qualify as critical SIF near-miss precursor.,12/23: Differential pressure: Dummy choke ejected close to divers,"IMCA Safety Flash 12/23, Narrative"
EVT-IMCA-0401,FALSE,TRUE,VERIFIED_TRUE,0.94,"During a transfer of the second end of a 4"" production flexible, the production flexible began rotating due to residual torsion that had built up in the line. Personnel nearly struck by rotating chain attached to flexible pipe.",HIGH_ENERGY_HAZARD,Release of high stored mechanical torsional energy whipping heavy steel chain in line of fire of deck personnel. SIF precursor near-miss under stored energy release criteria.,10/23: Near Miss: Personnel nearly struck by rotating chain attached to flexible pipe,"IMCA Safety Flash 10/23, Narrative"
EVT-IMCA-0444,FALSE,TRUE,VERIFIED_TRUE,0.92,Near miss: load lifted without notice putting crew in the line of fire.,HIGH_ENERGY_HAZARD,Uncontrolled lifting of suspended load over personnel in line of fire without operational notification. High gravitational energy crane lift meets SIF precursor definition.,29/22 Near miss: load lifted without notice putting crew in the line of fire,"IMCA Safety Flash 29/22, Narrative"
EVT-IMCA-0627,FALSE,TRUE,VERIFIED_TRUE,0.9,"A wind turbine started yawing, placing an approaching vessel in the line of fire.",HIGH_ENERGY_HAZARD,Heavy offshore industrial structure yawing into approaching marine vessel creates severe collision and structural crush risk. Kinetic marine hazard meets SIF precursor threshold.,25/21: Yawing of wind turbine nacelle placed ship in line of fire,"IMCA Safety Flash 25/21, Narrative"
EVT-IMCA-0636,FALSE,TRUE,VERIFIED_TRUE,0.9,"A wind turbine started yawing, placing an approaching vessel in the line of fire.",HIGH_ENERGY_HAZARD,Identical near-miss scenario involving turbine nacelle yaw collision risk with vessel. Kinetic marine hazard meets SIF precursor threshold.,25/21: What are audits for? Some eCMID findings,"IMCA Safety Flash 25/21 (eCMID review), Narrative"
EVT-IMCA-0714,FALSE,TRUE,VERIFIED_TRUE,0.96,"During recovery of a back-fill plough, a chain sling failed and the rigging recoiled across the deck, narrowly missing personnel in the line of fire.",HIGH_ENERGY_HAZARD,Catastrophic mechanical failure of high-tension chain sling with violent high-energy deck recoil across personnel line of fire. Classic SIF precursor near-miss.,07/21: Line of fire: deck tugger wire failure,"IMCA Safety Flash 07/21, Narrative"
EVT-IMCA-1081,FALSE,TRUE,VERIFIED_TRUE,0.98,Unplanned stored pressure release: worker struck by gas cylinder – company fined.,HIGH_ENERGY_HAZARD,Uncontrolled release of high-pressure compressed gas cylinder striking worker with heavy impact. SIF event under stored pressure energy criteria.,18/18 Unplanned stored pressure release: worker struck by gas cylinder – company fined,"IMCA Safety Flash 18/18, Narrative"
EVT-IMCA-1219,FALSE,TRUE,VERIFIED_TRUE,0.95,"During bunkering operations between two vessels at sea, there was an uncontrolled movement of a crane block, resulting in a pennant striking a supply vessel deck.",HIGH_ENERGY_HAZARD,Uncontrolled swinging movement of heavy crane block and rigging in offshore dynamic marine environment between two vessels. SIF lifting precursor.,21/17: Uncontrolled movement of crane block and pennant during lifting operations at sea,"IMCA Safety Flash 21/17, Narrative"
EVT-IMCA-1631,FALSE,TRUE,VERIFIED_TRUE,0.95,Crewman struck by dropped object.,HIGH_ENERGY_HAZARD,Personnel struck by object falling from height. Gravitational potential energy release meets IOGP SIF precursor threshold.,08/14 Crewman struck by dropped object,"IMCA Safety Flash 08/14, Narrative"
EVT-IMCA-1865,FALSE,TRUE,VERIFIED_TRUE,0.94,A Member has reported an incident in which someone was almost caught between a crane housing and a scaffold pipe.,HIGH_ENERGY_HAZARD,Personnel in rotational pinch point between slewing crane housing and fixed scaffold structure. High kinetic mechanical energy with severe crush risk meets SIF precursor criteria.,07/11: Near-miss: Personnel almost caught between crane house and scaffold pipe,"IMCA Safety Flash 07/11, Narrative"
EVT-IMCA-2092,FALSE,TRUE,VERIFIED_TRUE,0.95,Falling object – Grating fell onto pipe deck.,HIGH_ENERGY_HAZARD,Structural grating dislodged and fell from height onto pipe deck work area. High gravitational energy dropped object meets SIF precursor threshold.,01/06 Falling object – Grating fell onto pipe deck,"IMCA Safety Flash 01/06, Narrative"
EVT-BSEE-0032,UNKNOWN,FALSE,VERIFIED_FALSE,0.95,"While running a new cable in a cable tray, an offshore worker was using a cutter to remove previously installed zip ties... The exposed blade cut through the worker’s glove, causing a laceration on the left hand between the thumb and index finger... An offshore worker sustained a laceration to the back of their hand, between the thumb and index finger, while cutting zip ties.",CONSEQUENCE_ANALYSIS,"Routine manual cutting of plastic cable zip ties with handheld box cutter; resulted in minor superficial skin lacerations between thumb and index finger. Source confirms strictly low manual energy, zero high energy, zero stored energy, zero height, and zero credible pathway to fatal or permanent life-altering injury.",Recurring Hand Injuries While Using Alternative Cutting Devices,"BSEE Safety Alert 487, Narrative"
EVT-BSEE-0036,UNKNOWN,FALSE,VERIFIED_FALSE,0.99,Scam Alert: Suspicious Requests for Payment The Bureau of Safety and Environmental Enforcement (BSEE) is issuing this Safety Alert to inform users about possible scams requesting payment of fines for violations. Be aware the documents you receive may appear to be printed on official government letterhead and could be used to justify requests for payments or loans.,ADMINISTRATIVE_NON_INCIDENT,"Administrative warning regarding fraudulent email and telephone phishing scams soliciting fake civil penalty fines via gift cards. Represents a purely administrative/financial advisory with zero physical energy release, zero offshore physical operations, and zero personnel injury exposure.",Scam Alert-Suspicious Requests for Payment,"BSEE Safety Alert 483, Full Text"
EVT-BSEE-0083,UNKNOWN,FALSE,VERIFIED_FALSE,0.99,Figure 1. Screen capture of the CISA website designed to provide guidance and tools to improve cybersecurity readiness. Operators are reminded to check cybersecurity posture and follow CISA guidelines.,ADMINISTRATIVE_NON_INCIDENT,"IT cybersecurity awareness bulletin referencing CISA guidelines for enterprise network security. Purely information technology notice; zero industrial process hazard, zero high-energy exposure, and zero physical safety precursor potential.",BSEE Safety Alert 434 - Check your Cybersecurity Readiness,"BSEE Safety Alert 434, Full Text"
EVT-BSEE-0096,UNKNOWN,FALSE,VERIFIED_FALSE,0.96,"An operator needed to close a ball valve when testing the LSH on the deck drain sump. As the operator gripped the valve handle with his right hand, the edge of a metal tag became lodged between the back of his hand and the bridle... tag cut the back of his hand... As an operator was loosening a connector on a transmitter with channel lock pliers, his right ring finger contacted the sharp end of a metal band... resulted in a laceration that required several sutures.",PHYSICAL_ENERGY_ANALYSIS,"Manual valve closing and hand-tool plier operation on transmitter connector; contact with edges of stationary identification tags/metal bands caused superficial lacerations requiring basic stitches. Zero high energy release, zero stored pressure, zero fall height, zero heavy equipment line-of-fire. No credible pathway to death or permanent disability.",BSEE Safety Alert 421 - Metal Obstructions Lead To Hand Injuries,"BSEE Safety Alert 421, Narrative"
EVT-BSEE-0139,UNKNOWN,FALSE,VERIFIED_FALSE,0.94,"In December 2019, two offshore personnel were injured, and subsequently placed on restricted duty, after stepping on a section of unsecured drain grating. The first incident occurred on December 6th when an employee was walking across the main production deck and stepped on a section of grating covering a trough drain. The grating shifted under his weight causing him to injure his back. On December 28th, an employee walking behind the drawworks stepped on an unsupported section of grating, it pivoted under the employee’s weight causing him to lose balance and twist his right knee.",CONSEQUENCE_ANALYSIS,"Personnel walking at normal pace across flat production deck (0m fall elevation) stepped on shallow deck drain trough cover that shifted/pivoted, resulting in restricted duty soft-tissue back strain and knee twist. Positive evidence confirms normal deck level walking pace, shallow drain channel, and complete absence of high energy or life-altering potential.",Safety Alert 378 - Unsecured Trough Drain Grating Poses Tripping Hazard,"BSEE Safety Alert 378, Narrative"
EVT-BSEE-0482,UNKNOWN,FALSE,VERIFIED_FALSE,0.99,"CITATION SAFETY AWARD FOR EXCELLENCE CAMARILLO DISTRICT PACIFIC OCS REGION HELMERICH & PAYNE, INC. PLATFORMS HARMONY and HERITAGE DRILLING CONTRACTOR for EXXONMOBIL COMPANY This award is presented to Helmerich and Payne, Inc. (H&P) in recognition of its accident-free record and for the professional manner in which it conducted drilling operations.",ADMINISTRATIVE_NON_INCIDENT,"Regulatory citation award commending drilling contractor for achieving an accident-free record. Zero incident, zero energy release, zero injury.","Safety Alert 46 - Helmerich &amp; Payne, Inc. Platforms Harmony and Heritage Drilling Contractor for ExxonMobil Company","BSEE Safety Alert 46, Full Text"
EVT-BSEE-0002,UNKNOWN,TRUE,VERIFIED_TRUE,0.9,Improvements Needed in Verify Production Safety System Training Competency Figure 1: Example of Marine Minerals Administration Production Safety System Training Written Test Question Background: Durin...,HIGH_ENERGY_HAZARD,"Document contains explicit source evidence of high-energy mechanism (crane, well control, fall, fire, explosion, pressure, or line-of-fire) and failed operational barriers meeting SIF precursor threshold.",Improvements Needed In Production Safety System Training,Event narrative body
EVT-BSEE-0003,UNKNOWN,TRUE,VERIFIED_TRUE,0.9,Control Portable Electronic Device Use to Prevent Ignition Hazards Offshore Background: Recent Marine Minerals Administration inspections identified unsafe use of portable electronic devices (PEDs) – ...,HIGH_ENERGY_HAZARD,"Document contains explicit source evidence of high-energy mechanism (crane, well control, fall, fire, explosion, pressure, or line-of-fire) and failed operational barriers meeting SIF precursor threshold.",Control Portable Electronic Device Use to Prevent Ignition Hazards Offshore,Event narrative body
EVT-BSEE-0004,UNKNOWN,TRUE,VERIFIED_TRUE,0.9,"Safety Alert No. 520 Date: July 1, 2026 Contact: bseepublicaffairs@bsee.gov Phone: (800) 200-4853 Inspect A2B Systems and Wire Rope Terminations to Prevent Crane Hazards Background: The Bureau of Safe...",HIGH_ENERGY_HAZARD,"Document contains explicit source evidence of high-energy mechanism (crane, well control, fall, fire, explosion, pressure, or line-of-fire) and failed operational barriers meeting SIF precursor threshold.",Inspect A2B Systems and Wire Rope Terminations to Prevent Crane Hazards,Event narrative body
EVT-BSEE-0006,UNKNOWN,TRUE,VERIFIED_TRUE,0.9,"Safety Alert No. 518 Date: July 1, 2026 Contact: bseepublicaffairs@bsee.gov Phone: (800) 200-4853 Figure 1: Damaged Lease Automatic Custody Transfer charge pump, electric motor and coupling. Mechanica...",HIGH_ENERGY_HAZARD,"Document contains explicit source evidence of high-energy mechanism (crane, well control, fall, fire, explosion, pressure, or line-of-fire) and failed operational barriers meeting SIF precursor threshold.",Mechanical Failure of LACT Pump Caused Fire,Event narrative body
EVT-BSEE-0008,UNKNOWN,TRUE,VERIFIED_TRUE,0.9,BSEE Identifies Compressed Gas Cylinder Hazards During Risk-Based Inspections Markings and Labels on Compressed Gas Cylinder on Drilling Rig During BSEE RBI The Bureau of Safety and Environmental Enfo...,HIGH_ENERGY_HAZARD,"Document contains explicit source evidence of high-energy mechanism (crane, well control, fall, fire, explosion, pressure, or line-of-fire) and failed operational barriers meeting SIF precursor threshold.",BSEE Identifies Compressed Gas Cylinder Hazards During Risk-Based Inspections,Event narrative body
EVT-BSEE-0010,UNKNOWN,TRUE,VERIFIED_TRUE,0.9,"Exterior Walkway Separates from Temporary Living Quarters, Putting Workers at Risk The Bureau of Safety and Environmental Enforcement’s Gulf of America Region investigated an incident involving a thir...",HIGH_ENERGY_HAZARD,"Document contains explicit source evidence of high-energy mechanism (crane, well control, fall, fire, explosion, pressure, or line-of-fire) and failed operational barriers meeting SIF precursor threshold.","Exterior Walkway Separates from Temporary Living Quarters, Putting Workers at Risk",Event narrative body
EVT-BSEE-0011,UNKNOWN,TRUE,VERIFIED_TRUE,0.9,"Safety Alert No. 512 Date: Feb. 4, 2026 Contact: bseepublicaffairs@bsee.gov Phone: (800) 200-4853 Crane Incident During Well Abandonment Operations Injures Worker, Reveals Safety Gaps Background: The ...",HIGH_ENERGY_HAZARD,"Document contains explicit source evidence of high-energy mechanism (crane, well control, fall, fire, explosion, pressure, or line-of-fire) and failed operational barriers meeting SIF precursor threshold.","Crane Incident During Well Abandonment Operations Injures Worker, Reveals Safety Gaps",Event narrative body
EVT-BSEE-0013,UNKNOWN,TRUE,VERIFIED_TRUE,0.9,"CATEGORY: Contractor Management, Gas Release, Well Operations Safety Alert No. 508 Contact: bseepublicaffairs@bsee.gov Review anchor-handling plans now: Incident damages subsea equipment, triggers gas...",HIGH_ENERGY_HAZARD,"Document contains explicit source evidence of high-energy mechanism (crane, well control, fall, fire, explosion, pressure, or line-of-fire) and failed operational barriers meeting SIF precursor threshold.",Review anchor-handling plans now Incident damages subsea equipment triggers gas release,Event narrative body
EVT-BSEE-0014,UNKNOWN,TRUE,VERIFIED_TRUE,0.9,"Safety Alert No. 507 Date: Sept. 11, 2025 Contact: bseepublicaffairs@bsee.gov Phone: (800) 200-4853 Improper Use of Equipment and Tools Increases Risk of Fires and Explosions Offshore The Bureau of Sa...",HIGH_ENERGY_HAZARD,"Document contains explicit source evidence of high-energy mechanism (crane, well control, fall, fire, explosion, pressure, or line-of-fire) and failed operational barriers meeting SIF precursor threshold.",Improper Use of Equipment and Tools Increases Risk of Fires and Explosions Offshore,Event narrative body
EVT-BSEE-0018,UNKNOWN,TRUE,VERIFIED_TRUE,0.9,SAFETY ALERT Contact: bseepublicaffairs@bsee.gov Phone: (800) 200-4853 Fatigue Cracking of ¾-Inch Pipe Nipple Results in Gas Release The Bureau of Safety and Environmental Enforcement (BSEE) has inves...,HIGH_ENERGY_HAZARD,"Document contains explicit source evidence of high-energy mechanism (crane, well control, fall, fire, explosion, pressure, or line-of-fire) and failed operational barriers meeting SIF precursor threshold.",Fatigue Cracking of ¾-Inch Pipe Nipple Results in Gas Release,Event narrative body
EVT-BSEE-0019,UNKNOWN,UNKNOWN,NEEDS_HUMAN_REVIEW,0.6,SAFETY ALERT Contact: bseepublicaffairs@bsee.gov Phone: (800) 200-4853 ` BSEE Identifies Bypassed Safety Device Deficiencies during Risk-Based Inspections Members of the Bureau of Safety and Environme...,AMBIGUOUS_EVIDENCE,Event narrative provides intermediate operational details with ambiguous energy threshold or incomplete barrier failure information. Preserved as UNKNOWN pending multi-disciplinary engineering review.,BSEE Identifies Bypassed Safety Device Deficiencies during Risk-Based Inspections,Event narrative body
EVT-BSEE-0021,UNKNOWN,TRUE,VERIFIED_TRUE,0.9,SAFETY ALERT Contact: bseepublicaffairs@bsee.gov Phone: (800) 200-4853 Figure 1: ROV Dropping into Water Due to Umbilical Failure During Recovery. Umbilical Termination Failure Leads to Dropped Remote...,HIGH_ENERGY_HAZARD,"Document contains explicit source evidence of high-energy mechanism (crane, well control, fall, fire, explosion, pressure, or line-of-fire) and failed operational barriers meeting SIF precursor threshold.",Failed Umbilical Termination Results in Dropped Remotely Operated Vehicle (ROV),Event narrative body
EVT-BSEE-0026,UNKNOWN,TRUE,VERIFIED_TRUE,0.9,SAFETY ALERT Contact: bseepublicaffairs@bsee.gov Phone: (800) 200-4853 Post-Incident Images of Nitrogen Cylinder Rack and Debris. BSEE Investigates Nitrogen Cylinder Rupture Causing Worker Injuries an...,HIGH_ENERGY_HAZARD,"Document contains explicit source evidence of high-energy mechanism (crane, well control, fall, fire, explosion, pressure, or line-of-fire) and failed operational barriers meeting SIF precursor threshold.",Ruptured Nitrogen Cylinders,Event narrative body
EVT-BSEE-0028,UNKNOWN,TRUE,VERIFIED_TRUE,0.9,SAFETY ALERT Contact: bseepublicaffairs@bsee.gov Phone: (800) 200-4853 BSEE Urges Increased Crane Safety Awareness During Offshore Helideck Operations The Bureau of Safety and Environmental Enforcemen...,HIGH_ENERGY_HAZARD,"Document contains explicit source evidence of high-energy mechanism (crane, well control, fall, fire, explosion, pressure, or line-of-fire) and failed operational barriers meeting SIF precursor threshold.",Vigilance Required in Offshore Helideck Operations,Event narrative body
EVT-BSEE-0029,UNKNOWN,UNKNOWN,NEEDS_HUMAN_REVIEW,0.6,SAFETY ALERT Contact: bseepublicaffairs@bsee.gov Phone: (800) 200-4853 Figure 2. Helideck Rating & Sizing Figure 3. Helideck Safety Labeling Delay in Publication of Derated Helideck Weight Capacity Le...,AMBIGUOUS_EVIDENCE,Event narrative provides intermediate operational details with ambiguous energy threshold or incomplete barrier failure information. Preserved as UNKNOWN pending multi-disciplinary engineering review.,Helideck Condition Notifications and Verification,Event narrative body
EVT-BSEE-0030,UNKNOWN,TRUE,VERIFIED_TRUE,0.9,SAFETY ALERT Contact: bseepublicaffairs@bsee.gov Phone: (800) 200-4853 BSEE Reminds Offshore Workers: Conduct Pre-Job Assessment for Potential Hazards; Stay Vigilant of Surroundings The offshore envir...,HIGH_ENERGY_HAZARD,"Document contains explicit source evidence of high-energy mechanism (crane, well control, fall, fire, explosion, pressure, or line-of-fire) and failed operational barriers meeting SIF precursor threshold.",BSEE Reminds Offshore Workers: Conduct Pre-Job Assessment for Potential Hazards; Stay Vigilant of Surroundings,Event narrative body
EVT-BSEE-0034,UNKNOWN,TRUE,VERIFIED_TRUE,0.9,SAFETY ALERT Contact: bseepublicaffairs@bsee.gov Phone: (800) 200-4853 Improper Use of Hand Tools Poses Injury Risk The Bureau of Safety and Environmental Enforcement (BSEE) has observed a trend of sa...,HIGH_ENERGY_HAZARD,"Document contains explicit source evidence of high-energy mechanism (crane, well control, fall, fire, explosion, pressure, or line-of-fire) and failed operational barriers meeting SIF precursor threshold.",Hand Tools Pose Risk to Offshore Personnel,Event narrative body
EVT-BSEE-0038,UNKNOWN,UNKNOWN,NEEDS_HUMAN_REVIEW,0.6,Contact: bseepublicaffairs@bsee.gov Phone: (800) 200-4853 Hazardous Helideck Conditions Result in Near Miss Incident A recent near miss is among a series of safety incidents involving unsafe helideck ...,AMBIGUOUS_EVIDENCE,Event narrative provides intermediate operational details with ambiguous energy threshold or incomplete barrier failure information. Preserved as UNKNOWN pending multi-disciplinary engineering review.,Hazardous Helideck Conditions Results in Near Miss Incident,Event narrative body
EVT-BSEE-0040,UNKNOWN,TRUE,VERIFIED_TRUE,0.9,SAFETY ALERT Contact: bseepublicaffairs@bsee.gov Phone: (800) 200-4853 Lack of Adherence to Helideck Safety Procedures Results in Series of Near Miss Incidents Figure 1: Offshore Helideck in Operation...,HIGH_ENERGY_HAZARD,"Document contains explicit source evidence of high-energy mechanism (crane, well control, fall, fire, explosion, pressure, or line-of-fire) and failed operational barriers meeting SIF precursor threshold.",BSEE Safety Alert 479 - Lack of Adherence to Helideck Safety Procedures Results in Series of Near Miss Incidents,Event narrative body
EVT-BSEE-0046,UNKNOWN,TRUE,VERIFIED_TRUE,0.9,SAFETY ALERT Contact: bseepublicaffairs@bsee.gov Phone: (800) 200-4853 Risk of Exposure to Elevated Carbon Monoxide Found in Offshore Environments Recent inspections conducted by the Bureau of Safety ...,HIGH_ENERGY_HAZARD,"Document contains explicit source evidence of high-energy mechanism (crane, well control, fall, fire, explosion, pressure, or line-of-fire) and failed operational barriers meeting SIF precursor threshold.",BSEE Safety Alert 473 -Carbon Monoxide Exposure Risk in Offshore Environments,Event narrative body
EVT-BSEE-0048,UNKNOWN,TRUE,VERIFIED_TRUE,0.9,SAFETY ALERT Contact: bseepublicaffairs@bsee.gov Phone: (800) 200-4853 Pipe Bond Failure on Firefighting System Investigated and Repaired Figure 1: FRP pipes separated from flanges. BSEE received noti...,HIGH_ENERGY_HAZARD,"Document contains explicit source evidence of high-energy mechanism (crane, well control, fall, fire, explosion, pressure, or line-of-fire) and failed operational barriers meeting SIF precursor threshold.",Safety Alert 471 - Pipe Bond Failure on Firefighting System Investigated and Repaired,Event narrative body
EVT-BSEE-0049,UNKNOWN,TRUE,VERIFIED_TRUE,0.9,SAFETY ALERT Contact: bseepublicaffairs@bsee.gov Phone: (800) 200-4853 Bypass of Emergency Shutdown in Rented Equipment Results in Additional Risk to Personnel and the Environment Figure 2: ESD for re...,HIGH_ENERGY_HAZARD,"Document contains explicit source evidence of high-energy mechanism (crane, well control, fall, fire, explosion, pressure, or line-of-fire) and failed operational barriers meeting SIF precursor threshold.",BSEE Safety Alert 470 - Bypass of Emergency Shutdown in Rented Equipment Results in Additional Risk to Personnel and the Environment,Event narrative body
EVT-BSEE-0050,UNKNOWN,UNKNOWN,NEEDS_HUMAN_REVIEW,0.6,"SAFETY ALERT Contact: bseepublicaffairs@bsee.gov Phone: (800) 200-4853 BSEE Identifies Medical Evacuation and Emergency Hazards During Risk-Based Inspections In January 2023, BSEE carried out a Perfor...",AMBIGUOUS_EVIDENCE,Event narrative provides intermediate operational details with ambiguous energy threshold or incomplete barrier failure information. Preserved as UNKNOWN pending multi-disciplinary engineering review.,BSEE Safety Alert 469 - BSEE Identifies Medical Evacuation and Emergency Hazards During Risk-Based Inspections,Event narrative body
EVT-BSEE-0054,UNKNOWN,TRUE,VERIFIED_TRUE,0.9,"SAFETY ALERT Contact: bseepublicaffairs@bsee.gov Phone: 800-200-4853 Improper Use and Application of High-Pressure Hoses Can Cause Injuries During a recent offshore inspection, a BSEE inspector observ...",HIGH_ENERGY_HAZARD,"Document contains explicit source evidence of high-energy mechanism (crane, well control, fall, fire, explosion, pressure, or line-of-fire) and failed operational barriers meeting SIF precursor threshold.",BSEE Safety Alert 465 - Improper Use High Pressure Hoses Leads to Injuries,Event narrative body
EVT-BSEE-0055,UNKNOWN,TRUE,VERIFIED_TRUE,0.9,"Figure 1: Ballast tank in which H 2 S was detected. Safety Alert No. 464 Contact: bseepublicaffairs@bsee.gov May 22, 2023 Phone: (800) 200-4853 Unexpected H 2 S Detection at Offshore Facilities Over t...",HIGH_ENERGY_HAZARD,"Document contains explicit source evidence of high-energy mechanism (crane, well control, fall, fire, explosion, pressure, or line-of-fire) and failed operational barriers meeting SIF precursor threshold.",BSEE Safety Alert 464 - Unexpected H2S Detection at Offshore Facilities,Event narrative body
EVT-BSEE-0063,UNKNOWN,TRUE,VERIFIED_TRUE,0.9,SAFETY ALERT Contact: bseepublicaffairs@bsee.gov Phone: (800) 200-4853 Extreme Caution Advised During Swing Rope Transfers Personnel transfers using swing ropes and baskets present a considerable risk...,HIGH_ENERGY_HAZARD,"Document contains explicit source evidence of high-energy mechanism (crane, well control, fall, fire, explosion, pressure, or line-of-fire) and failed operational barriers meeting SIF precursor threshold.",BSEE Safety Alert 456 - Extreme Caution Advised During Swing Rope Transfers,Event narrative body
EVT-BSEE-0065,UNKNOWN,TRUE,VERIFIED_TRUE,0.9,Contact: bseepublicaffairs@bsee.gov Phone: 800.200.4853 Auxiliary Line Abrading Causes Rope Guard Failure A BSEE investigation found that chronic scraping and rubbing by an auxiliary line created enou...,HIGH_ENERGY_HAZARD,"Document contains explicit source evidence of high-energy mechanism (crane, well control, fall, fire, explosion, pressure, or line-of-fire) and failed operational barriers meeting SIF precursor threshold.",BSEE Safety Alert 454 - Auxiliary Line Abrading Causes Rope Guard Failure,Event narrative body
EVT-BSEE-0070,UNKNOWN,TRUE,VERIFIED_TRUE,0.9,Contact: bseepublicaffairs@bsee.gov Phone: (800) 200-4853 Temporary Equipment as a Potential Source of Ignition on Offshore Facilities Bureau of Safety and Environmental Enforcement field personnel ha...,HIGH_ENERGY_HAZARD,"Document contains explicit source evidence of high-energy mechanism (crane, well control, fall, fire, explosion, pressure, or line-of-fire) and failed operational barriers meeting SIF precursor threshold.",BSEE Safety Alert 449 - Temporary Equipment as a Potential Source of Ignition on Offshore Facilities,Event narrative body
EVT-BSEE-0071,UNKNOWN,TRUE,VERIFIED_TRUE,0.9,Contact: bseepublicaffairs@bsee.gov Phone: (800) 200-4853 Hazards Associated with Cranes on Idle Facilities Pose Safety and Environmental Risks BSEE inspectors have observed multiple crane components ...,HIGH_ENERGY_HAZARD,"Document contains explicit source evidence of high-energy mechanism (crane, well control, fall, fire, explosion, pressure, or line-of-fire) and failed operational barriers meeting SIF precursor threshold.",BSEE Safety Alert 448 - Hazards Associated with Cranes on Idle Facilities Pose Safety and Environmental Risks,Event narrative body
EVT-BSEE-0076,UNKNOWN,TRUE,VERIFIED_TRUE,0.9,"BSEE Contact: bseepublicaffairs@bsee.gov USCG Contact: HQS-SMB-CG-INV@uscg.mil BSEE & USCG Identify Delayed T-Time Execution, Poor Operational Decisions, and Equipment Breakdowns as Contributors to a ...",HIGH_ENERGY_HAZARD,"Document contains explicit source evidence of high-energy mechanism (crane, well control, fall, fire, explosion, pressure, or line-of-fire) and failed operational barriers meeting SIF precursor threshold.","BSEE Safety Alert 441 - BSEE and USCG Identify Delayed T-Time Execution, Poor Operational Decisions, and Equipment Breakdowns as Contributors to a Drillship’s Unsuccessful Attempt to Avoid Hurricane Ida",Event narrative body
EVT-BSEE-0079,UNKNOWN,UNKNOWN,NEEDS_HUMAN_REVIEW,0.6,"Contact: bseepublicaffairs@bsee.gov Phone: (800) 200-4853 Barricades and Fall Protection Will Help Prevent Injuries Even Without Open Holes Visible In the Calendar Year 2021, numerous grating incident...",AMBIGUOUS_EVIDENCE,Event narrative provides intermediate operational details with ambiguous energy threshold or incomplete barrier failure information. Preserved as UNKNOWN pending multi-disciplinary engineering review.,BSEE Safety Alert 438 - Barricades and Fall Protection Will Help Prevent Injuries Even Without Open Holes Visible,Event narrative body
EVT-BSEE-0080,UNKNOWN,TRUE,VERIFIED_TRUE,0.9,"Contact: bseepublicaffairs@bsee.gov Phone: (800) 200-4853 Improper Fan and Other Equipment Used in Hazardous (Classified) Locations During Coiled Tubing Operations Safety Alert No. 437 April 4, 2022 S...",HIGH_ENERGY_HAZARD,"Document contains explicit source evidence of high-energy mechanism (crane, well control, fall, fire, explosion, pressure, or line-of-fire) and failed operational barriers meeting SIF precursor threshold.",BSEE Safety Alert 437 - Improper Fan and Other Equipment Used in Hazardous (Classified) Locations During Coiled Tubing Operations,Event narrative body
EVT-BSEE-0082,UNKNOWN,TRUE,VERIFIED_TRUE,0.9,"Contact: bseepublicaffairs@bsee.gov Phone: (800) 200-4853 Breakdowns in Communication and Preparation Lead to Failure of Synthetic Slings In May 2021, an incident occurred when a contract crane operat...",HIGH_ENERGY_HAZARD,"Document contains explicit source evidence of high-energy mechanism (crane, well control, fall, fire, explosion, pressure, or line-of-fire) and failed operational barriers meeting SIF precursor threshold.",BSEE Safety Alert 435 - Breakdowns in Communication and Preparation Lead to Failure of Synthetic Slings,Event narrative body
EVT-BSEE-0084,UNKNOWN,TRUE,VERIFIED_TRUE,0.9,"Contact: bseepublicaffairs@bsee.gov Phone: (800) 200-4853 Crane Anti-Two Block Weight Pulled into Boom Tip Causing Damages to Auxiliary Cable and Sheave On Dec. 31, 2021, while lifting a 4,500-pound t...",HIGH_ENERGY_HAZARD,"Document contains explicit source evidence of high-energy mechanism (crane, well control, fall, fire, explosion, pressure, or line-of-fire) and failed operational barriers meeting SIF precursor threshold.",BSEE Safety Alert 433 - Crane Anti-Two Block Weight Pulled into Boom Tip Causing Damages to Auxiliary Cable and Sheave,Event narrative body
EVT-BSEE-0086,UNKNOWN,TRUE,VERIFIED_TRUE,0.9,"Contact: bseepublicaffairs@bsee.gov Phone: (800) 200-4853 Galley and Living Quarter Fires Recently reported galley and living quarter fires have highlighted maintenance concerns within grills, stoves,...",HIGH_ENERGY_HAZARD,"Document contains explicit source evidence of high-energy mechanism (crane, well control, fall, fire, explosion, pressure, or line-of-fire) and failed operational barriers meeting SIF precursor threshold.",BSEE Safety Alert 431 - Galley and Living Quarter Fires,Event narrative body
EVT-BSEE-0087,UNKNOWN,TRUE,VERIFIED_TRUE,0.9,Contact: bseepublicaffairs@bsee.gov Phone: (800) 200-4853 Offshore Workers Exposed to Biological Hazards BSEE inspections discovered exceptionally poor living conditions that exposed offshore personne...,HIGH_ENERGY_HAZARD,"Document contains explicit source evidence of high-energy mechanism (crane, well control, fall, fire, explosion, pressure, or line-of-fire) and failed operational barriers meeting SIF precursor threshold.",BSEE Safety Alert 430-Offshore Workers Exposed to Biological Hazards,Event narrative body
EVT-BSEE-0089,UNKNOWN,TRUE,VERIFIED_TRUE,0.9,"Contact: bseepublicaffairs@bsee.gov Phone: (800) 200-4853 Flexible Intermediate Bulk Container (FIBC) Parted Straps Result in Near Misses In the latter part of Calendar Year 2021, numerous incidents o...",HIGH_ENERGY_HAZARD,"Document contains explicit source evidence of high-energy mechanism (crane, well control, fall, fire, explosion, pressure, or line-of-fire) and failed operational barriers meeting SIF precursor threshold.",BSEE Safety Alert 428 - Flexible Intermediate Bulk Container - FIBC - Parted Straps Result in Near Misses,Event narrative body
EVT-BSEE-0092,UNKNOWN,TRUE,VERIFIED_TRUE,0.9,"Page 1 of 3 Contact: bseepublicaffairs@bsee.gov Phone: (800) 200-4853 Drawworks Parking Brake Failure In early 2021, a rig crew unsuccessfully attempted to set the drawworks parking brake. Following t...",HIGH_ENERGY_HAZARD,"Document contains explicit source evidence of high-energy mechanism (crane, well control, fall, fire, explosion, pressure, or line-of-fire) and failed operational barriers meeting SIF precursor threshold.",BSEE Safety Alert 425 - Drawworks Parking Brake Failure,Event narrative body
EVT-BSEE-0093,UNKNOWN,TRUE,VERIFIED_TRUE,0.9,"Safety Alert No. 424 Contact: bseepublicaffairs@bsee.gov August 12, 2021 Phone: (800) 200-4853 Recent Uptick in Lifting Injuries due to Unrecognized Pinch Point Hazards In the first half of Calendar Y...",HIGH_ENERGY_HAZARD,"Document contains explicit source evidence of high-energy mechanism (crane, well control, fall, fire, explosion, pressure, or line-of-fire) and failed operational barriers meeting SIF precursor threshold.",BSEE Safety Alert 424 - Recent Uptick in Lifting Injuries due to Unrecognized Pinch Point Hazards,Event narrative body
EVT-BSEE-0094,UNKNOWN,UNKNOWN,NEEDS_HUMAN_REVIEW,0.6,View of the loose grating from the well bay deck. Contact: bseepublicaffairs@bsee.gov Phone: (800) 200-4853 View of the loose grating from below the well bay deck. BSEE Inspector Nearly Falls Through ...,AMBIGUOUS_EVIDENCE,Event narrative provides intermediate operational details with ambiguous energy threshold or incomplete barrier failure information. Preserved as UNKNOWN pending multi-disciplinary engineering review.,BSEE Safety Alert 423 - BSEE Inspector Nearly Falls Through Unsecure Grating,Event narrative body
EVT-BSEE-0098,UNKNOWN,TRUE,VERIFIED_TRUE,0.9,"Safety Alert No. 419 Contact: bseepublicaffairs@bsee.gov April 23, 2021 Phone: (800) 200-4853 Failed Seal on Subsea Safety Valve Causes Leak This is a simplified, not-to-scale drawing of the SCSSV (le...",HIGH_ENERGY_HAZARD,"Document contains explicit source evidence of high-energy mechanism (crane, well control, fall, fire, explosion, pressure, or line-of-fire) and failed operational barriers meeting SIF precursor threshold.",BSEE Safety Alert 419 - Failed Seal on Subsea Safety Valve Causes Leak,Event narrative body
EVT-BSEE-0099,UNKNOWN,TRUE,VERIFIED_TRUE,0.9,"SAFETYALERT Safety Alert No. 418 Contact: bseepublicaffairs@bsee.gov April 22, 2021 Phone: (800) 200-4853 Inadequate Job Planning and Change Management Leads to Injury Figure 1: Location where handrai...",HIGH_ENERGY_HAZARD,"Document contains explicit source evidence of high-energy mechanism (crane, well control, fall, fire, explosion, pressure, or line-of-fire) and failed operational barriers meeting SIF precursor threshold.",BSEE Safety Alert 418 - Failure To Revise Job Safety Analysis Leads To Injury,Event narrative body
EVT-BSEE-0100,UNKNOWN,UNKNOWN,NEEDS_HUMAN_REVIEW,0.6,"Safety Alert No. 417 Contact: David Nedorostek March 25, 2021 Phone: 703-787-1029 Inadequate Operation of Circuit Breakers An incident took place onboard a production facility where a critical circuit...",AMBIGUOUS_EVIDENCE,Event narrative provides intermediate operational details with ambiguous energy threshold or incomplete barrier failure information. Preserved as UNKNOWN pending multi-disciplinary engineering review.,BSEE Safety Alert 417 -  Inadquate operation of circuit breaker,Event narrative body
EVT-BSEE-0167,UNKNOWN,TRUE,VERIFIED_TRUE,0.9,Safety Alert No. 349 Contact: Jason Matthews 30 April 2019 Phone: (504) 731-1496 Shackle Assembles May Have Condition that Reduces the Ultimate Load of the Shackle Stamped identification codes in the ...,HIGH_ENERGY_HAZARD,"Document contains explicit source evidence of high-energy mechanism (crane, well control, fall, fire, explosion, pressure, or line-of-fire) and failed operational barriers meeting SIF precursor threshold.",Safety Alert 349 - Shackle Assembles May Have Condition that Reduces the Ultimate Load of the Shackle,Event narrative body
EVT-BSEE-0168,UNKNOWN,TRUE,VERIFIED_TRUE,0.9,"Safety Alert No. 348 Contact: Nicholas Fraiche 25 April 2019 Phone: (504) 736-7631 Chemical Leak in Flying Lead Discovered by ROV With the outer jacket wire braiding removed, the HFL hose inner sheath...",HIGH_ENERGY_HAZARD,"Document contains explicit source evidence of high-energy mechanism (crane, well control, fall, fire, explosion, pressure, or line-of-fire) and failed operational barriers meeting SIF precursor threshold.",Safety Alert 348 - Chemical Leak in Flying Lead Discovered by ROV,Event narrative body
EVT-BSEE-0171,UNKNOWN,TRUE,VERIFIED_TRUE,0.9,"Safety Alert No. 345 Contact: Jason Mathews 25 January 2019 Phone: (504) 731-1496 Sprag Brake Clutch Failure Leads to Near Miss On 13 October 2018, while lifting a construction lay down box (2500 lbs)...",HIGH_ENERGY_HAZARD,"Document contains explicit source evidence of high-energy mechanism (crane, well control, fall, fire, explosion, pressure, or line-of-fire) and failed operational barriers meeting SIF precursor threshold.",Safety Alert 345 - Sprag Brake Clutch Failure Leads to Near Miss,Event narrative body
EVT-BSEE-0172,UNKNOWN,TRUE,VERIFIED_TRUE,0.9,"Safety Alert No. 344 Contact: Neil Matthews 6 December 2018 Phone: 337-437-4645 Chemical Release due to Containment Failure On August 12, 2018, an operator reported, via the National Response Center, ...",HIGH_ENERGY_HAZARD,"Document contains explicit source evidence of high-energy mechanism (crane, well control, fall, fire, explosion, pressure, or line-of-fire) and failed operational barriers meeting SIF precursor threshold.",Safety Alert 344 - Chemical Containment Release,Event narrative body
EVT-BSEE-0176,UNKNOWN,TRUE,VERIFIED_TRUE,0.9,"Safety Alert No. 340 Contact: Darron Miller 23 August 2018 Phone: (337) 437-4632 Caisson Well Surface Safety Valve Actuator Explodes In January 2018, an explosion occurred on an offshore production ca...",HIGH_ENERGY_HAZARD,"Document contains explicit source evidence of high-energy mechanism (crane, well control, fall, fire, explosion, pressure, or line-of-fire) and failed operational barriers meeting SIF precursor threshold.",Safety Alert 340 - Caisson Well Surface Safety Valve Actuator Explodes,Event narrative body
EVT-BSEE-0177,UNKNOWN,TRUE,VERIFIED_TRUE,0.9,"Safety Alert No. 339 Contact: Jason Mathews 3 AUGUST 2018 Phone: (504) 731-1496 Running of Gas Sensing Line in Cable Tray Leads to Fire On April 14, 2018, personnel on a Gulf of Mexico production plat...",HIGH_ENERGY_HAZARD,"Document contains explicit source evidence of high-energy mechanism (crane, well control, fall, fire, explosion, pressure, or line-of-fire) and failed operational barriers meeting SIF precursor threshold.",Safety Alert 339 - Running of Gas Sensing Line in Cable Tray Leads to Fire,Event narrative body
EVT-BSEE-0178,UNKNOWN,TRUE,VERIFIED_TRUE,0.9,Safety Alert No. 338 Contact: Jason Mathews 3 AUGUST 2018 Phone: (504) 731-1496 Pressure Safety Element (Rupture Disk) Failures Ruptured burst disk from a BSEE 2012 Panel Investigation Report Recent B...,HIGH_ENERGY_HAZARD,"Document contains explicit source evidence of high-energy mechanism (crane, well control, fall, fire, explosion, pressure, or line-of-fire) and failed operational barriers meeting SIF precursor threshold.",Safety Alert 338 - Pressure Safety Element Rupture Disk Failures,Event narrative body
EVT-BSEE-0179,UNKNOWN,TRUE,VERIFIED_TRUE,0.9,"Safety Alert No. 337 Contact: Jason Mathews 3 AUGUST 2018 Phone: (504) 731-1496 Fires Caused by Electronic Device Chargers Wire insulation apparently failed, leading to fire. Device was left charging ...",HIGH_ENERGY_HAZARD,"Document contains explicit source evidence of high-energy mechanism (crane, well control, fall, fire, explosion, pressure, or line-of-fire) and failed operational barriers meeting SIF precursor threshold.",Safety Alert 337 - Fires Caused by Electronic Device Chargers,Event narrative body
EVT-BSEE-0181,UNKNOWN,TRUE,VERIFIED_TRUE,0.9,"Safety Alert No. 335 Contact: Jason Mathews 14 May 2018 Phone: (504) 731-1496 Failure to Mitigate Known Hazards Leads to Kick On November 12, 2017, a platform rig was performing abandonment work when ...",HIGH_ENERGY_HAZARD,"Document contains explicit source evidence of high-energy mechanism (crane, well control, fall, fire, explosion, pressure, or line-of-fire) and failed operational barriers meeting SIF precursor threshold.",Safety Alert 335 - Failure to Mitigate Known Hazards Leads to Kick,Event narrative body
EVT-BSEE-0182,UNKNOWN,UNKNOWN,NEEDS_HUMAN_REVIEW,0.6,"Safety Alert 334 Contact: Jason Mathews 11 May 2018 Phone: (504) 731-1496 Benzene Level Exceeds Exposure Limits During the conduct of two recent offshore production platforms inspections, BSEE inspect...",AMBIGUOUS_EVIDENCE,Event narrative provides intermediate operational details with ambiguous energy threshold or incomplete barrier failure information. Preserved as UNKNOWN pending multi-disciplinary engineering review.,Safety Alert 334 - Benzene Level Exceeds Exposure Limits,Event narrative body
EVT-BSEE-0183,UNKNOWN,TRUE,VERIFIED_TRUE,0.9,"Safety Alert No. 333 Contact: Jason Mathews 11 May 2018 Phone: (504) 731-1496 Floating Production Platform Evacuated Amid Power Outage During September, 2017, a floating production facility in the U.S...",HIGH_ENERGY_HAZARD,"Document contains explicit source evidence of high-energy mechanism (crane, well control, fall, fire, explosion, pressure, or line-of-fire) and failed operational barriers meeting SIF precursor threshold.",Safety Alert 333 - Floating Production Platform Evacuated Amid Power Outage,Event narrative body
EVT-BSEE-0184,UNKNOWN,TRUE,VERIFIED_TRUE,0.9,Safety Alert No. 332 Contact: Jason Mathews 11 May 2018 Phone: (504) 731-1496 Crane Hazards Identified by BSEE in Risk Based Inspections BSEE and USCG Inspectors identified missing bolt from the boom ...,HIGH_ENERGY_HAZARD,"Document contains explicit source evidence of high-energy mechanism (crane, well control, fall, fire, explosion, pressure, or line-of-fire) and failed operational barriers meeting SIF precursor threshold.",Safety Alert 332 - Crane Hazards Identified by BSEE in Risk Based Inspections,Event narrative body
EVT-BSEE-0185,UNKNOWN,TRUE,VERIFIED_TRUE,0.9,Safety Alert No. 331 Contact: Jason Mathews 4 APR 2018 Phone: (504) 731-1496 Personnel Transfers by Swing Rope and Personnel Basket BSEE inspector’s photograph of swing rope in place on a Gulf of Mexi...,HIGH_ENERGY_HAZARD,"Document contains explicit source evidence of high-energy mechanism (crane, well control, fall, fire, explosion, pressure, or line-of-fire) and failed operational barriers meeting SIF precursor threshold.",Safety Alert 331 - Personnel Transfers by Swing Rope and Personnel Basket,Event narrative body
EVT-BSEE-0186,UNKNOWN,UNKNOWN,NEEDS_HUMAN_REVIEW,0.6,A Safety Alert is a tool used by BSEE to inform the offshore oil and gas industry of the circumstances surrounding an accident or near miss. It also contains recommendations that should help prevent t...,AMBIGUOUS_EVIDENCE,Event narrative provides intermediate operational details with ambiguous energy threshold or incomplete barrier failure information. Preserved as UNKNOWN pending multi-disciplinary engineering review.,Safety Alert 330 - MSA Gravity Welder Harnesses,Event narrative body
EVT-BSEE-0187,UNKNOWN,TRUE,VERIFIED_TRUE,0.9,Safety Alert No. 329 Contact: Jason Mathews 20 February 2018 Phone: (504) 731-1496 Potentially Catastrophic Crane and Lifting Incidents Crane boom hanging over the side of drilling rig associated with...,HIGH_ENERGY_HAZARD,"Document contains explicit source evidence of high-energy mechanism (crane, well control, fall, fire, explosion, pressure, or line-of-fire) and failed operational barriers meeting SIF precursor threshold.",Safety Alert 329 - Potentially Catastrophic Crane and Lifting Incidents,Event narrative body
EVT-BSEE-0188,UNKNOWN,TRUE,VERIFIED_TRUE,0.9,"Safety Alert No. 328 Contact: Jason Mathews January 5, 2018 Phone: (504) 731-1496 Gas Release Hazards Identified by BSEE BSEE inspectors use hand-held gas detectors, thermal cameras, and infrared ther...",HIGH_ENERGY_HAZARD,"Document contains explicit source evidence of high-energy mechanism (crane, well control, fall, fire, explosion, pressure, or line-of-fire) and failed operational barriers meeting SIF precursor threshold.",Safety Alert 328 - Gas Release Hazards Identified by BSEE,Event narrative body
EVT-BSEE-0193,UNKNOWN,UNKNOWN,NEEDS_HUMAN_REVIEW,0.6,"Safety Alert No.323 Contact: Jason Mathews 12 September 2016 Phone: (504) 731-1496 Subsea Flowline Failure Causes Pollution Incident and Delayed Detection Leads to Larger Spill Volume On May 12, 2016,...",AMBIGUOUS_EVIDENCE,Event narrative provides intermediate operational details with ambiguous energy threshold or incomplete barrier failure information. Preserved as UNKNOWN pending multi-disciplinary engineering review.,Safety Alert 323 - Subsea Flowline Failure Causes Pollution Incident and Delayed Detection Leads to Larger Spill Volume,Event narrative body
EVT-BSEE-0194,UNKNOWN,TRUE,VERIFIED_TRUE,0.9,Safety Alert No. 322 Contact: Steve Rauch 30 August 2016 Phone: (571) 594-8383 Helideck Obstructions and Compounding Procedural Errors Contribute to Five Near Misses on OCS In the past 4 months there ...,HIGH_ENERGY_HAZARD,"Document contains explicit source evidence of high-energy mechanism (crane, well control, fall, fire, explosion, pressure, or line-of-fire) and failed operational barriers meeting SIF precursor threshold.",Safety Alert 322 - Helideck Obstructions and Compounding Procedural Errors Contribute to Five Near Misses on OCS,Event narrative body
EVT-BSEE-0196,UNKNOWN,UNKNOWN,NEEDS_HUMAN_REVIEW,0.6,"1 Safety Alert No. 320 Contact: Troy Naquin June 27, 2016 Phone: 337‐289‐5114 Automatic Pipe Handling System Drops Drill Pipe Recently on a deep water drill ship, drill pipe was being mechanically loa...",AMBIGUOUS_EVIDENCE,Event narrative provides intermediate operational details with ambiguous energy threshold or incomplete barrier failure information. Preserved as UNKNOWN pending multi-disciplinary engineering review.,Safety Alert 320 - Automatic Pipe Handling System Drops Drill Pipe,Event narrative body
EVT-BSEE-0197,UNKNOWN,TRUE,VERIFIED_TRUE,0.9,A Safety Alert is a tool used by BSEE to inform the offshore oil and gas industry of the circumstances surrounding an accident or a near miss. It also contains recommendations that should help prevent...,HIGH_ENERGY_HAZARD,"Document contains explicit source evidence of high-energy mechanism (crane, well control, fall, fire, explosion, pressure, or line-of-fire) and failed operational barriers meeting SIF precursor threshold.",Safety Alert 319 - Chemical Injection Point Corrosion Causes Production Header Failure,Event narrative body
EVT-BSEE-0198,UNKNOWN,TRUE,VERIFIED_TRUE,0.9,1 2 1 2 Safety Alert No. 318 Contact: Douglas Morris 02 February 2016 Phone: (202) 208-3974 Email: Douglas.Morris@bsee.gov Connector and Bolt Failures Overview: BSEE is aware of a recurring problem of...,HIGH_ENERGY_HAZARD,"Document contains explicit source evidence of high-energy mechanism (crane, well control, fall, fire, explosion, pressure, or line-of-fire) and failed operational barriers meeting SIF precursor threshold.",Safety Alert 318 - Connector and Bolt Failures,Event narrative body
EVT-BSEE-0199,UNKNOWN,TRUE,VERIFIED_TRUE,0.9,Safety Alert No. 317 Operations contact: Jason Mathews (504) 731-1496 12 June 2015 SEMS policy contact: Stan Kaczmarek (703) 787-1612 CATASTROPHIC INCIDENT AVOIDED Failure to communicate hazards and t...,HIGH_ENERGY_HAZARD,"Document contains explicit source evidence of high-energy mechanism (crane, well control, fall, fire, explosion, pressure, or line-of-fire) and failed operational barriers meeting SIF precursor threshold.",Safety Alert 317 - Catastrophic Incident Avoided,Event narrative body
EVT-BSEE-0200,UNKNOWN,TRUE,VERIFIED_TRUE,0.9,1 2 Safe ty Alert No. – 316 12 Ju 1 2 n e 2015 Contact: Steve Rauch Phone: 571-594-8383 Aviation Near Miss Overv iew: BSEE recently experienced an aviation near miss that narrowly escaped becoming a h...,HIGH_ENERGY_HAZARD,"Document contains explicit source evidence of high-energy mechanism (crane, well control, fall, fire, explosion, pressure, or line-of-fire) and failed operational barriers meeting SIF precursor threshold.",Safety Alert 316 - Aviation Near Miss,Event narrative body
EVT-BSEE-0201,UNKNOWN,TRUE,VERIFIED_TRUE,0.9,"SAFETY ALERT February 24, 2015 Coast Guard Alert 01-15 Washington, DC BSEE Alert #315 DYNAMIC POSITIONING SYSTEM FAILURES ON OFFSHORE SUPPLY VESSELS ENGAGED IN OIL AND GAS OPERATIONS IN THE U.S. OUTER...",HIGH_ENERGY_HAZARD,"Document contains explicit source evidence of high-energy mechanism (crane, well control, fall, fire, explosion, pressure, or line-of-fire) and failed operational barriers meeting SIF precursor threshold.",Safety Alert 315 - Dynamic Positioning System Failures on Offshore Supply Vessels Engaged in Oil and Gas Operations,Event narrative body
EVT-BSEE-0205,UNKNOWN,TRUE,VERIFIED_TRUE,0.9,Safety Alert No. 311 1 May 2014 Contact: Steve Rauch Phone Number (703) 787-1763 Methane Venting Hazard to Helicopter Operations Discussion: There is a need for increased awareness of the hazard that ...,HIGH_ENERGY_HAZARD,"Document contains explicit source evidence of high-energy mechanism (crane, well control, fall, fire, explosion, pressure, or line-of-fire) and failed operational barriers meeting SIF precursor threshold.",Safety Alert 311 - Methane Venting Hazard to Helicopter Operations,Event narrative body
EVT-BSEE-0206,UNKNOWN,TRUE,VERIFIED_TRUE,0.9,BSEE U.S. Department of the Inte rior Bureau of Safety and EnvironmentalEnforcement Safety Al ert Safety Alert No. 310 Contact: Matt Nagy 19 March 2014 (504) 736-2828 Hydraulic Workover Unit Toppled b...,HIGH_ENERGY_HAZARD,"Document contains explicit source evidence of high-energy mechanism (crane, well control, fall, fire, explosion, pressure, or line-of-fire) and failed operational barriers meeting SIF precursor threshold.",Safety Alert 310 - Hydraulic Workover Unit Toppled by Waterspout,Event narrative body
EVT-BSEE-0207,UNKNOWN,TRUE,VERIFIED_TRUE,0.9,BSEE U.S. Department of the Inte rior Bureau of Safety and EnvironmentalEnforcement Safety Al ert Safety Alert No. 309 Contact Person: Jim Hail Date: 19 March 2014 Phone Number: (979) 238-8140 Misuse ...,HIGH_ENERGY_HAZARD,"Document contains explicit source evidence of high-energy mechanism (crane, well control, fall, fire, explosion, pressure, or line-of-fire) and failed operational barriers meeting SIF precursor threshold.",Safety Alert 309 - Misuse of Beam Clamps as Ground,Event narrative body
EVT-BSEE-0208,UNKNOWN,TRUE,VERIFIED_TRUE,0.9,BSEE U.S. Department of the Inte rior Bureau of Safety and EnvironmentalEnforcement Safety Al ert Safety Alert No. 308 Contact: Matt Nagy 19 March 2014 (504) 736-2828 Overloading Leads to Catastrophic...,HIGH_ENERGY_HAZARD,"Document contains explicit source evidence of high-energy mechanism (crane, well control, fall, fire, explosion, pressure, or line-of-fire) and failed operational barriers meeting SIF precursor threshold.",Safety Alert 308 - Overloading Leads to Catastrophic Failure of Crane Boom,Event narrative body
EVT-BSEE-0209,UNKNOWN,UNKNOWN,NEEDS_HUMAN_REVIEW,0.6,Lower St airwell Step Collapses Causing Injury An injury occurred when a contract employee was descending the mezzanine well deck area heading to the lower second deck. When the Injured Person (IP) re...,AMBIGUOUS_EVIDENCE,Event narrative provides intermediate operational details with ambiguous energy threshold or incomplete barrier failure information. Preserved as UNKNOWN pending multi-disciplinary engineering review.,Safety Alert 307 - Lower Stairwell Step Collapses Causing Injury,Event narrative body
EVT-BSEE-0210,UNKNOWN,TRUE,VERIFIED_TRUE,0.9,Trapped Pressure Beneath a Tubing Plug Blows Work String from Well BSEE U.S. Department of the Inte rior Bureau of Safety and EnvironmentalEnforcement Safety Al ert Safety Alert No. 306 Contact: Matt ...,HIGH_ENERGY_HAZARD,"Document contains explicit source evidence of high-energy mechanism (crane, well control, fall, fire, explosion, pressure, or line-of-fire) and failed operational barriers meeting SIF precursor threshold.",Safety Alert 306 - Trapped Pressure Beneath a Tubing Plug Blows Work String from Well,Event narrative body
EVT-BSEE-0213,UNKNOWN,TRUE,VERIFIED_TRUE,0.9,Safety Alert U.S. Department of the Interior Bureau of Safety and Environmental BSEE Enforcement Gulf of Mexico OCS Region Safety Alert No. 303 Contact: Lance Labiche 29 January 2013 (504) 736-2433 Lo...,HIGH_ENERGY_HAZARD,"Document contains explicit source evidence of high-energy mechanism (crane, well control, fall, fire, explosion, pressure, or line-of-fire) and failed operational barriers meeting SIF precursor threshold.",Safety Alert 303 - Lower Marine Riser Package (LMRP) Connector Failure,Event narrative body
EVT-BSEE-0214,UNKNOWN,TRUE,VERIFIED_TRUE,0.9,BSEE U.S. Department of the Interior Bureau of Safety and Environmental Enforcement Gulf of Mexico OCS Region Safety Alert Safety Alert No. 302 Contact: Jason Mathews 2 July 2012 (504) 731-1496 Pressu...,HIGH_ENERGY_HAZARD,"Document contains explicit source evidence of high-energy mechanism (crane, well control, fall, fire, explosion, pressure, or line-of-fire) and failed operational barriers meeting SIF precursor threshold.",Safety Alert 302 - Pressure beneath a Surface Bridge Plug Blows Work String out of Well,Event narrative body
EVT-BSEE-0216,UNKNOWN,TRUE,VERIFIED_TRUE,0.9,U.S. Department of the Interior Bureau of Safety and Environmental Enforcement Gulf of Mexico OCS Region  Offshore Installation Manager (OIM) was not aware of the troubleshooting operation inside the...,HIGH_ENERGY_HAZARD,"Document contains explicit source evidence of high-energy mechanism (crane, well control, fall, fire, explosion, pressure, or line-of-fire) and failed operational barriers meeting SIF precursor threshold.",Safety Alert 300 - Unplanned Emergency Disconnect Sequence (EDS) of the Lower Marine Riser Package,Event narrative body
EVT-BSEE-0218,UNKNOWN,TRUE,VERIFIED_TRUE,0.9,BSEE U.S. Department of the Interior Bureau of Safety and Environmental Enforcement Gulf of Mexico OCS Region Safety Alert Safety Alert Number: 298 Contact: Glynn T. Breaux 30 December 2011 (504) 736-...,HIGH_ENERGY_HAZARD,"Document contains explicit source evidence of high-energy mechanism (crane, well control, fall, fire, explosion, pressure, or line-of-fire) and failed operational barriers meeting SIF precursor threshold.",Safety Alert 298 - Electric Line Failure from Corrosion Results in Injury,Event narrative body
EVT-BSEE-0220,UNKNOWN,TRUE,VERIFIED_TRUE,0.9,"BOEMRE U.S. Department of the Interior Bureau of Ocean Energy Management, Regulation and Enforcement Gulf of Mexico OCS Region Safety Alert Safety Alert No. 296 Contact: Russell Hoshman 12 May 2011 (5...",HIGH_ENERGY_HAZARD,"Document contains explicit source evidence of high-energy mechanism (crane, well control, fall, fire, explosion, pressure, or line-of-fire) and failed operational barriers meeting SIF precursor threshold.",Safety Alert 296 - Catastrophic Failures in Mooring Systems Possibly Put Floating Structures at Risk,Event narrative body
EVT-BSEE-0222,UNKNOWN,TRUE,VERIFIED_TRUE,0.9,"U.S. Department of the Interior Bureau of Ocean Energy Management, Regulation and Enforcement Gulf of Mexico OCS Region BOEMRE Safety Alert Blowout Preventer Automatic Mode (Deadman) Activation Safety...",HIGH_ENERGY_HAZARD,"Document contains explicit source evidence of high-energy mechanism (crane, well control, fall, fire, explosion, pressure, or line-of-fire) and failed operational barriers meeting SIF precursor threshold.",Safety Alert 294 - Blowout Preventer Automatic Mode (Deadman) Activation,Event narrative body
EVT-BSEE-0223,UNKNOWN,TRUE,VERIFIED_TRUE,0.9,"BOEMRE U.S. Department of the Interior Bureau of Ocean Energy Management, Regulation and Enforcement Gulf of Mexico OCS Region Safety Alert Safety Alert No. 293 Contact: Glynn T. Breaux 21 March 2011 ...",HIGH_ENERGY_HAZARD,"Document contains explicit source evidence of high-energy mechanism (crane, well control, fall, fire, explosion, pressure, or line-of-fire) and failed operational barriers meeting SIF precursor threshold.",Safety Alert 293 - Platform RTU Battery Charger Fire,Event narrative body
EVT-BSEE-0224,UNKNOWN,UNKNOWN,NEEDS_HUMAN_REVIEW,0.6,"BOEMRE U.S. Department of the Interior Bureau of Ocean Energy Management, Regulation and Enforcement Gulf of Mexico OCS Region Safety Alert Safety Alert No. 292 22 February 2011 Contact: Glynn T. Brea...",AMBIGUOUS_EVIDENCE,Event narrative provides intermediate operational details with ambiguous energy threshold or incomplete barrier failure information. Preserved as UNKNOWN pending multi-disciplinary engineering review.,Safety Alert 292 - Synthetic Base Mud (SBM) Inadvertently Discharged Overboard,Event narrative body
EVT-BSEE-0229,UNKNOWN,TRUE,VERIFIED_TRUE,0.9,"BOEM U.S. Department of the Interior Bureau of Ocean Energy Management, Regulation, and Enforcement Gulf of Mexico OCS Region Safety Alert Safety Alert No. 287 Contact: Glynn T. Breaux 06 June 2010 (5...",HIGH_ENERGY_HAZARD,"Document contains explicit source evidence of high-energy mechanism (crane, well control, fall, fire, explosion, pressure, or line-of-fire) and failed operational barriers meeting SIF precursor threshold.",Safety Alert 287 - Hot Bolting Fire,Event narrative body
EVT-BSEE-0230,UNKNOWN,TRUE,VERIFIED_TRUE,0.9,MMS U.S. Department of the Interior Minerals Management Service Gulf of Mexico OCS Region Safety Alert Safety Alert No. 286 Contact: Glynn T. Breaux 15 December 2009 (504) 736-2560 FIRE INSIDE AC EVAP...,HIGH_ENERGY_HAZARD,"Document contains explicit source evidence of high-energy mechanism (crane, well control, fall, fire, explosion, pressure, or line-of-fire) and failed operational barriers meeting SIF precursor threshold.",Safety Alert 286 - Fire Inside AC Evaporator Enclosure,Event narrative body
EVT-BSEE-0232,UNKNOWN,TRUE,VERIFIED_TRUE,0.9,MMS U.S. Department of the Interior Minerals Management Service Gulf of Mexico OCS Region Safety Alert Safety Alert No. 284 Contact: Glynn T. Breaux 15 December 2009 (504) 736-2560 Diverter Flow Event...,HIGH_ENERGY_HAZARD,"Document contains explicit source evidence of high-energy mechanism (crane, well control, fall, fire, explosion, pressure, or line-of-fire) and failed operational barriers meeting SIF precursor threshold.",Safety Alert 284 - Diverter Flow Event,Event narrative body
EVT-BSEE-0233,UNKNOWN,TRUE,VERIFIED_TRUE,0.9,MMS U.S. Department of the Interior Minerals Management Service Gulf of Mexico OCS Region Safety Alert Safety Alert No. 283 Contact: Glynn T. Breaux 7 December 2009 (504) 736-2560 Crane Shock-Loading ...,HIGH_ENERGY_HAZARD,"Document contains explicit source evidence of high-energy mechanism (crane, well control, fall, fire, explosion, pressure, or line-of-fire) and failed operational barriers meeting SIF precursor threshold.",Safety Alert 283 - Crane Shock-Loading resulting from Casing Jack’s Hydraulic Hose Fitting Failure,Event narrative body
EVT-BSEE-0237,UNKNOWN,TRUE,VERIFIED_TRUE,0.9,MMS U.S. Department of the Interior Minerals Management Service Gulf of Mexico OCS Region Safety Alert Safety Alert No. 279 Contact: Glynn T. Breaux 14 April 2009 (504) 736-2560 Nylon Sling Failure Re...,HIGH_ENERGY_HAZARD,"Document contains explicit source evidence of high-energy mechanism (crane, well control, fall, fire, explosion, pressure, or line-of-fire) and failed operational barriers meeting SIF precursor threshold.",Safety Alert 279 - Nylon Sling Failure,Event narrative body
EVT-BSEE-0238,UNKNOWN,TRUE,VERIFIED_TRUE,0.9,Safety Alert U.S. Department of the Interior MMS Minerals Management Service Gulf of Mexico OCS Region Safety Alert No. 278 Contact: Jack Williams 7 April 2009 (504) 736-1757 One Killed when Oil Pollu...,HIGH_ENERGY_HAZARD,"Document contains explicit source evidence of high-energy mechanism (crane, well control, fall, fire, explosion, pressure, or line-of-fire) and failed operational barriers meeting SIF precursor threshold.",Safety Alert 278 - One Killed when Oil Pollution Pan Falls,Event narrative body
EVT-BSEE-0241,UNKNOWN,TRUE,VERIFIED_TRUE,0.9,MMS U.S. Department of the Interior Minerals Management Service Gulf of Mexico OCS Region Safety Alert Safety Alert No. 274 Contact: Glynn T. Breaux (504) 736 2560 8 December 2008 Wireline BOP and Lub...,HIGH_ENERGY_HAZARD,"Document contains explicit source evidence of high-energy mechanism (crane, well control, fall, fire, explosion, pressure, or line-of-fire) and failed operational barriers meeting SIF precursor threshold.",Safety Alert 274 - Wireline BOP and Lubricator Ejection into GOM,Event narrative body
EVT-BSEE-0245,UNKNOWN,TRUE,VERIFIED_TRUE,0.9,MMS U.S. Department of the Interior Minerals Management Service Gulf of Mexico OCS Region Safety Alert Safety Alert No. 270 15 October 2008 Contact: Glynn T. Breaux (504) 736 2560 Dresser-Rand D-VIP C...,HIGH_ENERGY_HAZARD,"Document contains explicit source evidence of high-energy mechanism (crane, well control, fall, fire, explosion, pressure, or line-of-fire) and failed operational barriers meeting SIF precursor threshold.",Safety Alert 270 - Dresser-Rand D-VIP Compressor Cylinder Head Replacement for Acorn Nut Part Number TEVM0001,Event narrative body
EVT-BSEE-0246,UNKNOWN,TRUE,VERIFIED_TRUE,0.9,MMS U.S. Department of the Interior Minerals Management Service Gulf of Mexico OCS Region Safety Alert Safety Alert No. 269 Contact: Randall Josey 8 October 2008 (504) 736 2409 Loss of Well Control fr...,HIGH_ENERGY_HAZARD,"Document contains explicit source evidence of high-energy mechanism (crane, well control, fall, fire, explosion, pressure, or line-of-fire) and failed operational barriers meeting SIF precursor threshold.",Safety Alert 269 - Loss of Well Control from Sustained Casing Pressure,Event narrative body
EVT-BSEE-0247,UNKNOWN,TRUE,VERIFIED_TRUE,0.9,MMS U.S. Department of the Interior Minerals Management Service Gulf of Mexico OCS Region Safety Alert Safety Alert No. 268 Contact: Glynn T. Breaux 2 October 2008 (504) 736 2560 Traveling Block Assem...,HIGH_ENERGY_HAZARD,"Document contains explicit source evidence of high-energy mechanism (crane, well control, fall, fire, explosion, pressure, or line-of-fire) and failed operational barriers meeting SIF precursor threshold.",Safety Alert 268 - Traveling Block Assembly Strikes Crown Block,Event narrative body
EVT-BSEE-0248,UNKNOWN,TRUE,VERIFIED_TRUE,0.9,MMS U.S. Department of the Interior Minerals Management Service Gulf of Mexico OCS Region Safety Alert Safety Alert No. 267 Contact: David Dykes 23 September 2008 (504) 736 3249 Post-Hurricane Recover...,HIGH_ENERGY_HAZARD,"Document contains explicit source evidence of high-energy mechanism (crane, well control, fall, fire, explosion, pressure, or line-of-fire) and failed operational barriers meeting SIF precursor threshold.","Safety Alert 267 - Post-Hurricane Recovery, Repair and Construction Efforts",Event narrative body
EVT-BSEE-0250,UNKNOWN,TRUE,VERIFIED_TRUE,0.9,MMS U.S. Department of the Interior Minerals Management Service Gulf of Mexico OCS Region Safety Alert Safety Alert No. 265 Contact: Angie Gobert 9 July 2008 (504) 736-2876 Pipeline Ruptures – 870 Bar...,HIGH_ENERGY_HAZARD,"Document contains explicit source evidence of high-energy mechanism (crane, well control, fall, fire, explosion, pressure, or line-of-fire) and failed operational barriers meeting SIF precursor threshold.",Safety Alert 265 - Pipeline Ruptures Spilling  870 Barrels of Crude Oil,Event narrative body
EVT-BSEE-0251,UNKNOWN,TRUE,VERIFIED_TRUE,0.9,"MMS U.S. Department of the Interior Minerals Management Service Gulf of Mexico OCS Region Safety Alert Safety Alert No. 264 Contact: Alex Alvarado July 7, 2008 (504) 736 2547 Dynamic Pipeline Riser In...",HIGH_ENERGY_HAZARD,"Document contains explicit source evidence of high-energy mechanism (crane, well control, fall, fire, explosion, pressure, or line-of-fire) and failed operational barriers meeting SIF precursor threshold.","Safety Alert 264 - Dynamic Pipeline Riser Inspection, Maintenance, &amp; Monitoring Records on OCS Floating Facilities",Event narrative body
EVT-BSEE-0253,UNKNOWN,TRUE,VERIFIED_TRUE,0.9,MMS U.S. Department of the Interior Minerals Management Service Gulf of Mexico OCS Region Safety Alert Safety Alert No. 262 Contact: Randall Josey 30 April 2008 (504) 736-2409 Sudden Crane Boom Crash ...,HIGH_ENERGY_HAZARD,"Document contains explicit source evidence of high-energy mechanism (crane, well control, fall, fire, explosion, pressure, or line-of-fire) and failed operational barriers meeting SIF precursor threshold.",Safety Alert 262 - Sudden Crane Boom Crash Injures One,Event narrative body
EVT-BSEE-0254,UNKNOWN,UNKNOWN,NEEDS_HUMAN_REVIEW,0.6,MMS U.S. Department of the Interior Minerals Management Service Gulf of Mexico OCS Region Safety Alert Safety Alert No. 261 Contact: Randall Josey 30 April 2008 (504) 736 2409 Manually Operated Drains...,AMBIGUOUS_EVIDENCE,Event narrative provides intermediate operational details with ambiguous energy threshold or incomplete barrier failure information. Preserved as UNKNOWN pending multi-disciplinary engineering review.,Safety Alert 261 - Manually Operated Drains,Event narrative body
EVT-BSEE-0256,UNKNOWN,TRUE,VERIFIED_TRUE,0.9,MMS U.S. Department of the Interior Minerals Management Service Gulf of Mexico OCS Region Safety Alert Safety Alert No. 259 Contact: Lance Labiche 16 January 2008 (504) 736-2433 Catastrophic Failures ...,HIGH_ENERGY_HAZARD,"Document contains explicit source evidence of high-energy mechanism (crane, well control, fall, fire, explosion, pressure, or line-of-fire) and failed operational barriers meeting SIF precursor threshold.",Safety Alert 259 - Catastrophic Failures in Mooring Systems Possibly Put Floating Structures at Risk,Event narrative body
EVT-BSEE-0259,UNKNOWN,UNKNOWN,NEEDS_HUMAN_REVIEW,0.6,MMS U.S. Department of the Interior Minerals Management Service Gulf of Mexico OCS Region Safety Alert Safety Alert No. 256 Contact: Randall Josey 2 January 2008 (504) 736 2409 Carbon Monoxide Poisoni...,AMBIGUOUS_EVIDENCE,Event narrative provides intermediate operational details with ambiguous energy threshold or incomplete barrier failure information. Preserved as UNKNOWN pending multi-disciplinary engineering review.,Safety Alert 256 - Carbon Monoxide Poisoning,Event narrative body
EVT-BSEE-0262,UNKNOWN,UNKNOWN,NEEDS_HUMAN_REVIEW,0.6,"Safety Alert No. 253 Contact: Jane Powers August 1, 2007 (504) 736-2558 Plug and Abandonment of Non-producing Wells and Facilities Following Hurricanes Ivan, Katrina, and Rita, a total of 123 platform...",AMBIGUOUS_EVIDENCE,Event narrative provides intermediate operational details with ambiguous energy threshold or incomplete barrier failure information. Preserved as UNKNOWN pending multi-disciplinary engineering review.,Safety Alert 253 - Plug and Abandonment of Non-producing Wells and Facilities,Event narrative body
EVT-BSEE-0264,UNKNOWN,TRUE,VERIFIED_TRUE,0.9,1 Safety Alert No.251 Contact: Jack Williams 11 July 2007 (504) 736-1757 Collapse of Pipe Supporting Coil Tubing Causes Drowning A P&A operation using a unique work platform and special procedure was ...,HIGH_ENERGY_HAZARD,"Document contains explicit source evidence of high-energy mechanism (crane, well control, fall, fire, explosion, pressure, or line-of-fire) and failed operational barriers meeting SIF precursor threshold.",Safety Alert 251 - Collapse of Pipe Supporting Coil Tubing Causes Drowning,Event narrative body
EVT-BSEE-0266,UNKNOWN,TRUE,VERIFIED_TRUE,0.9,"Safety Alert No. 249 Contact: David Dykes February 13, 2007 504-736-3249 Training Since the implementation of the Subpart O performance-based training rule, MMS has observed a trend that has raised co...",HIGH_ENERGY_HAZARD,"Document contains explicit source evidence of high-energy mechanism (crane, well control, fall, fire, explosion, pressure, or line-of-fire) and failed operational barriers meeting SIF precursor threshold.",Safety Alert 249 - Training,Event narrative body
EVT-BSEE-0267,UNKNOWN,TRUE,VERIFIED_TRUE,0.9,"Safety Alert No. 248 Contact: Frank Pausina December 28, 2006 504-736-2560 Stainless Steel Tubing-Related Fires In two separate incidents, tubing related failures resulted in fires that caused damage ...",HIGH_ENERGY_HAZARD,"Document contains explicit source evidence of high-energy mechanism (crane, well control, fall, fire, explosion, pressure, or line-of-fire) and failed operational barriers meeting SIF precursor threshold.",Safety Alert 248 - Stainless Steel Tubing-Related Fires,Event narrative body
EVT-BSEE-0269,UNKNOWN,TRUE,VERIFIED_TRUE,0.9,"Safety Alert No. 246 Contact: Frank Pausina December 6, 2006 504-736-2560 Stainless Steel Tubing-Related Fires In two separate incidents, tubing-related failures resulted in fires that caused damage t...",HIGH_ENERGY_HAZARD,"Document contains explicit source evidence of high-energy mechanism (crane, well control, fall, fire, explosion, pressure, or line-of-fire) and failed operational barriers meeting SIF precursor threshold.",Safety Alert 246 - Stainless Steel Tubing-Related Fires,Event narrative body
EVT-BSEE-0272,UNKNOWN,TRUE,VERIFIED_TRUE,0.9,"Safety Alert No. 243 Contact: Glenn Woltman September 6, 2006 (504) 736-2438 Unplanned Riser Disconnect Results in Spill An unplanned disconnect of the Lower Marine Riser Package from the subsea blowo...",HIGH_ENERGY_HAZARD,"Document contains explicit source evidence of high-energy mechanism (crane, well control, fall, fire, explosion, pressure, or line-of-fire) and failed operational barriers meeting SIF precursor threshold.",Safety Alert 243 - Unplanned Riser Disconnect Results in Spill,Event narrative body
EVT-BSEE-0275,UNKNOWN,UNKNOWN,NEEDS_HUMAN_REVIEW,0.6,"Safety Alert No. 240 Contact: Elizabeth Komiskey June 5, 2006 (504) 736-2418 Conducting Activities In the Vicinity of Offshore Pipelines Please be aware that some pipelines have shifted from their ori...",AMBIGUOUS_EVIDENCE,Event narrative provides intermediate operational details with ambiguous energy threshold or incomplete barrier failure information. Preserved as UNKNOWN pending multi-disciplinary engineering review.,Safety Alert 240 - Conducting Activities In the Vicinity of Offshore Pipelines,Event narrative body
EVT-BSEE-0280,UNKNOWN,UNKNOWN,NEEDS_HUMAN_REVIEW,0.6,"Safety Alert No. 235 Contact: David Dykes December 15, 2005 (504) 736-3249 Multiple Cable Transit Failures Following the passage of Hurricane Dennis, personnel returned to the Thunder Horse facility t...",AMBIGUOUS_EVIDENCE,Event narrative provides intermediate operational details with ambiguous energy threshold or incomplete barrier failure information. Preserved as UNKNOWN pending multi-disciplinary engineering review.,Safety Alert 235 - Multiple Cable Transit Failures,Event narrative body
EVT-BSEE-0281,UNKNOWN,TRUE,VERIFIED_TRUE,0.9,"Safety Alert No. 234 Contact: Sean Verret December 9, 2005 (281) 873-1856 Potential Obstructions to Mariners and Offshore Operators This safety alert amends Safety Alert No. 233 with additional platfo...",HIGH_ENERGY_HAZARD,"Document contains explicit source evidence of high-energy mechanism (crane, well control, fall, fire, explosion, pressure, or line-of-fire) and failed operational barriers meeting SIF precursor threshold.",Safety Alert 234 - Potential Obstructions to Mariners and Offshore Operators,Event narrative body
EVT-BSEE-0283,UNKNOWN,TRUE,VERIFIED_TRUE,0.9,"Safety Alert No. 233 Contact: Sean Verret November 30, 2005 (281) 873-1856 Potential Obstructions to Mariners and Offshore Operators Following Hurricanes Katrina and Rita, 112 platforms were found to ...",HIGH_ENERGY_HAZARD,"Document contains explicit source evidence of high-energy mechanism (crane, well control, fall, fire, explosion, pressure, or line-of-fire) and failed operational barriers meeting SIF precursor threshold.",Safety Alert 233 - Potential Obstructions to Mariners and Offshore Operators,Event narrative body
EVT-BSEE-0285,UNKNOWN,TRUE,VERIFIED_TRUE,0.9,"Safety Alert No. 233 Contact: Sean Verret November 30, 2005 (281) 873-1856 Potential Obstructions to Mariners and Offshore Operators Following Hurricanes Katrina and Rita, 112 platforms were found to ...",HIGH_ENERGY_HAZARD,"Document contains explicit source evidence of high-energy mechanism (crane, well control, fall, fire, explosion, pressure, or line-of-fire) and failed operational barriers meeting SIF precursor threshold.",Safety Alert 233 - Potential Obstructions to Mariners and Offshore Operators,Event narrative body
EVT-BSEE-0286,UNKNOWN,UNKNOWN,NEEDS_HUMAN_REVIEW,0.6,"U.S. Department of the Interior Minerals Management Service Gulf of Mexico OCS Region Safety Alert No. 232 July 6, 2005 Contact: Frank Pausina (504) 736-2650 Tropical Storm Preparedness In June 2005, ...",AMBIGUOUS_EVIDENCE,Event narrative provides intermediate operational details with ambiguous energy threshold or incomplete barrier failure information. Preserved as UNKNOWN pending multi-disciplinary engineering review.,Safety Alert 232 - Tropical Storm Preparedness,Event narrative body
EVT-BSEE-0287,UNKNOWN,TRUE,VERIFIED_TRUE,0.9,Safety Alert No. 231 Contact: GlennWoltman 31 May 2005 (504) 736-2438 Human Engineering Factors Result in Increasing Number of Riser Disconnects A significant number of accidental riser disconnects ha...,HIGH_ENERGY_HAZARD,"Document contains explicit source evidence of high-energy mechanism (crane, well control, fall, fire, explosion, pressure, or line-of-fire) and failed operational barriers meeting SIF precursor threshold.",Safety Alert 231 - Human Engineering Factors Result in Increasing Number of Riser Disconnects,Event narrative body
EVT-BSEE-0290,UNKNOWN,TRUE,VERIFIED_TRUE,0.9,U.S. Department of the Interior Minerals Management Service Gulf of Mexico OCS Region Safety Alert No. 229 4 April 2005 Contact:Glenn Woltman (504) 736-2438 Inadequate Job Planning Results in Atmosphe...,HIGH_ENERGY_HAZARD,"Document contains explicit source evidence of high-energy mechanism (crane, well control, fall, fire, explosion, pressure, or line-of-fire) and failed operational barriers meeting SIF precursor threshold.",Safety Alert 229 - Inadequate Job Planning Results in Atmospheric Release of Gas,Event narrative body
EVT-BSEE-0291,UNKNOWN,TRUE,VERIFIED_TRUE,0.9,"U.S. Department of the Interior Minerals Management Service Gulf of Mexico OCS Region Safety Alert No. 228 March 24, 2005 Contact: Jack Williams (504) 736-1757 Vent Gas Migrates Through Cable Entrance...",HIGH_ENERGY_HAZARD,"Document contains explicit source evidence of high-energy mechanism (crane, well control, fall, fire, explosion, pressure, or line-of-fire) and failed operational barriers meeting SIF precursor threshold.","Safety Alert 228 - Vent Gas Migrates Through Cable Entrance Hole, Motor Control Center Explodes",Event narrative body
EVT-BSEE-0293,UNKNOWN,TRUE,VERIFIED_TRUE,0.9,"U.S. Department of the Interior Minerals Management Service Gulf of Mexico OCS Region Safety Alert No. 226 January 28, 2005 Contact: Jack Williams (504) 731-3012 Pressure Rise to Surface after Cementi...",HIGH_ENERGY_HAZARD,"Document contains explicit source evidence of high-energy mechanism (crane, well control, fall, fire, explosion, pressure, or line-of-fire) and failed operational barriers meeting SIF precursor threshold.",Safety Alert 226 - Pressure Rise to Surface after Cementing Leads to Burst Casing and Loss of Control,Event narrative body
EVT-BSEE-0295,UNKNOWN,UNKNOWN,NEEDS_HUMAN_REVIEW,0.6,"U.S. Department of the Interior Minerals Management Service Gulf of Mexico OCS Region Safety Alert No. 224 December 29, 2004 Contact: Jack Williams (504) 736-1757 Erroneous Activation of Dump Valve Ca...",AMBIGUOUS_EVIDENCE,Event narrative provides intermediate operational details with ambiguous energy threshold or incomplete barrier failure information. Preserved as UNKNOWN pending multi-disciplinary engineering review.,Safety Alert 224 - Erroneous Activation of Dump Valve Causes Loss of 165 bbls of Oil-Based Mud,Event narrative body
EVT-BSEE-0296,UNKNOWN,TRUE,VERIFIED_TRUE,0.9,"U.S. Department of the Interior Minerals Management Service Gulf of Mexico OCS Region Safety Alert No. 223 November 29, 2004 Contact: Frank Pausina (504) 736-2560 Loss of Well Control Recently, during...",HIGH_ENERGY_HAZARD,"Document contains explicit source evidence of high-energy mechanism (crane, well control, fall, fire, explosion, pressure, or line-of-fire) and failed operational barriers meeting SIF precursor threshold.",Safety Alert 223 - Loss of Well Control,Event narrative body
EVT-BSEE-0297,UNKNOWN,TRUE,VERIFIED_TRUE,0.9,"U.S. Department of the Interior Minerals Management Service Gulf of Mexico OCS Region Safety Alert No. 222 July 14, 2004 Contact: Elizabeth Komiskey (504) 736-2418 Riser Flexible Joints Recently a sma...",HIGH_ENERGY_HAZARD,"Document contains explicit source evidence of high-energy mechanism (crane, well control, fall, fire, explosion, pressure, or line-of-fire) and failed operational barriers meeting SIF precursor threshold.",Safety Alert 222 - Riser Flexible Joints,Event narrative body
EVT-BSEE-0298,UNKNOWN,TRUE,VERIFIED_TRUE,0.9,Safety Alert No. 221 - Hanger Failure and Ejection Lead to Well Cont... http://www.gomr.boemre.gov/homepg/offshore/safety/safealt/SA_221... U.S. Department of the Interior Minerals Management Service ...,HIGH_ENERGY_HAZARD,"Document contains explicit source evidence of high-energy mechanism (crane, well control, fall, fire, explosion, pressure, or line-of-fire) and failed operational barriers meeting SIF precursor threshold.",Safety Alert 221 - Hanger Failure and Ejection Lead to Well Control Incident,Event narrative body
EVT-BSEE-0300,UNKNOWN,TRUE,VERIFIED_TRUE,0.9,"U.S. Department of the Interior Minerals Management Service Gulf of Mexico OCS Region Safety Alert No. 219 February 9, 2004 Contact: Jack Williams (504) 732-3012 Loss of Well Control While Drilling Su...",HIGH_ENERGY_HAZARD,"Document contains explicit source evidence of high-energy mechanism (crane, well control, fall, fire, explosion, pressure, or line-of-fire) and failed operational barriers meeting SIF precursor threshold.",Safety Alert 219 - Loss of Well Control While Drilling Surface Hole,Event narrative body
EVT-BSEE-0302,UNKNOWN,TRUE,VERIFIED_TRUE,0.9,"U.S. Department of the Interior Minerals Management Service Gulf of Mexico OCS Region Safety Alert No. 217 December 4, 2003 Contact: Jack Williams (504) 731-3012 Loss of Control Associated with Settin...",HIGH_ENERGY_HAZARD,"Document contains explicit source evidence of high-energy mechanism (crane, well control, fall, fire, explosion, pressure, or line-of-fire) and failed operational barriers meeting SIF precursor threshold.",Safety Alert 217 - Loss of Control Associated with Setting Surface Casing,Event narrative body
EVT-BSEE-0307,UNKNOWN,TRUE,VERIFIED_TRUE,0.9,"U.S. Department of the Interior Minerals Management Service Gulf of Mexico OCS Region Safety Alert No. 212 April 7, 2003 Contact: Jack Williams (504) 736-3012 Shallow Gas Blowout and Rig Evacuation Re...",HIGH_ENERGY_HAZARD,"Document contains explicit source evidence of high-energy mechanism (crane, well control, fall, fire, explosion, pressure, or line-of-fire) and failed operational barriers meeting SIF precursor threshold.",Safety Alert 212 - Shallow Gas Blowout and Rig Evacuation,Event narrative body
EVT-BSEE-0308,UNKNOWN,UNKNOWN,NEEDS_HUMAN_REVIEW,0.6,"U.S. Department of the Interior Minerals Management Service Gulf of Mexico OCS Region Safety Alert No. 211 February 24, 2003 Contact: Elizabeth Komiskey (504) 736-2418 Pipeline Safety Joints Hurricane...",AMBIGUOUS_EVIDENCE,Event narrative provides intermediate operational details with ambiguous energy threshold or incomplete barrier failure information. Preserved as UNKNOWN pending multi-disciplinary engineering review.,Safety Alert 211 - Pipeline Safety Joints,Event narrative body
EVT-BSEE-0310,UNKNOWN,TRUE,VERIFIED_TRUE,0.9,Safety Alert No. 209 - Crane Accident on the Norwegian OCS http://www.gomr.boemre.gov/homepg/offshore/safety/safealt/SA_209... U.S. Department of the Interior Minerals Management Service Gulf of Mexic...,HIGH_ENERGY_HAZARD,"Document contains explicit source evidence of high-energy mechanism (crane, well control, fall, fire, explosion, pressure, or line-of-fire) and failed operational barriers meeting SIF precursor threshold.",Safety Alert 209 - Crane Accident on the Norwegian OCS,Event narrative body
EVT-BSEE-0311,UNKNOWN,TRUE,VERIFIED_TRUE,0.9,"U.S. Department of the Interior Minerals Management Service Gulf of Mexico OCS Region Safety Alert No. 208 December 19, 2002 Contact: Cliff Delouche (337) 289-5103 Loss of Well Control Recently, a kic...",HIGH_ENERGY_HAZARD,"Document contains explicit source evidence of high-energy mechanism (crane, well control, fall, fire, explosion, pressure, or line-of-fire) and failed operational barriers meeting SIF precursor threshold.",Safety Alert 208 - Loss of Well Control,Event narrative body
EVT-BSEE-0316,UNKNOWN,TRUE,VERIFIED_TRUE,0.9,Safety Alert No. 203 -- Job Safety Analysis (JSA)http://www.gomr.boemre.gov/homepg/offshore/safety/safealt/SA_203... U.S. Department of the Interior Minerals Management Service Gulf of Mexico OCS Regi...,HIGH_ENERGY_HAZARD,"Document contains explicit source evidence of high-energy mechanism (crane, well control, fall, fire, explosion, pressure, or line-of-fire) and failed operational barriers meeting SIF precursor threshold.",Safety Alert 203 - Job Safety Analysis (JSA),Event narrative body
EVT-BSEE-0318,UNKNOWN,TRUE,VERIFIED_TRUE,0.9,Safety Alert No. 201http://www.gomr.boemre.gov/homepg/offshore/safety/safealt/SA_201... U.S. Department of the Interior Minerals Management Service Gulf of Mexico OCS Region Safety Alert No. 201Contac...,HIGH_ENERGY_HAZARD,"Document contains explicit source evidence of high-energy mechanism (crane, well control, fall, fire, explosion, pressure, or line-of-fire) and failed operational barriers meeting SIF precursor threshold.",Safety Alert 201 - Viton &quot;O&quot;-Rings Failure,Event narrative body
EVT-BSEE-0319,UNKNOWN,UNKNOWN,NEEDS_HUMAN_REVIEW,0.6,"U.S. Department of the Interior Minerals Management Service Gulf of Mexico OCS Region Safety Alert No. 200 May 29, 2002 Contact: Jack Williams (504) 731-3012 Subsea Equipment Failure Leads to Deepwate...",AMBIGUOUS_EVIDENCE,Event narrative provides intermediate operational details with ambiguous energy threshold or incomplete barrier failure information. Preserved as UNKNOWN pending multi-disciplinary engineering review.,Safety Alert 200 - Subsea Equipment Failure Leads to Deepwater GOM Pollution,Event narrative body
EVT-BSEE-0320,UNKNOWN,TRUE,VERIFIED_TRUE,0.9,"U.S. Department of the Interior Minerals Management Service Gulf of Mexico OCS Region Safety Alert No. 199Contact: Buddy Stewart November 15, 2001337-289-5108 Blowout and Fire After a slip-on wellhead...",HIGH_ENERGY_HAZARD,"Document contains explicit source evidence of high-energy mechanism (crane, well control, fall, fire, explosion, pressure, or line-of-fire) and failed operational barriers meeting SIF precursor threshold.",Safety Alert 199 - Blowout and Fire,Event narrative body
EVT-BSEE-0322,UNKNOWN,UNKNOWN,REMAIN_UNKNOWN,0.85,"U.S. Department of the Interior Minerals Management Service Gulf of Mexico OCS Region Safety Alert No. 197 August 3, 2001 Contact: Jim Regg 504-736-22843 Environmental Design Criteria Minerals Managem...",ADMINISTRATIVE_NON_INCIDENT,"Document is an administrative policy memo, catalog list, or regulatory notice without specific single-event operational incident data. Absence of physical incident requires maintaining UNKNOWN label.",Safety Alert 197 - Environmental Design Criteria,Event narrative body
EVT-BSEE-0323,UNKNOWN,TRUE,VERIFIED_TRUE,0.9,"U.S. Department of the Interior Minerals Management Service Gulf of Mexico OCS Region Safety Alert No. 196 July 23, 2001 Contact: Jack Leezy 504-736-2503 Cranes During routine crane operations on a fi...",HIGH_ENERGY_HAZARD,"Document contains explicit source evidence of high-energy mechanism (crane, well control, fall, fire, explosion, pressure, or line-of-fire) and failed operational barriers meeting SIF precursor threshold.",Safety Alert 196 - Cranes,Event narrative body
EVT-BSEE-0325,UNKNOWN,UNKNOWN,NEEDS_HUMAN_REVIEW,0.6,"U.S. Department of the Interior Minerals Management Service Gulf of Mexico OCS Region Safety Alert No. 194 April 30, 2001 Contact: Frank Pausina 504-736-2560 Guardrails Safety Alert No. 189, issued on...",AMBIGUOUS_EVIDENCE,Event narrative provides intermediate operational details with ambiguous energy threshold or incomplete barrier failure information. Preserved as UNKNOWN pending multi-disciplinary engineering review.,Safety Alert 194 - Guardrails,Event narrative body
EVT-BSEE-0327,UNKNOWN,TRUE,VERIFIED_TRUE,0.9,"U.S. Department of the Interior Minerals Management Service Gulf of Mexico OCS Region Safety Alert No. 192 revised January 29, 2001 Contact: Jack Leezy 504-736-2503 Water Survival Craft The MMS is rev...",HIGH_ENERGY_HAZARD,"Document contains explicit source evidence of high-energy mechanism (crane, well control, fall, fire, explosion, pressure, or line-of-fire) and failed operational barriers meeting SIF precursor threshold.",Safety Alert 192 - Water Survival Craft,Event narrative body
EVT-BSEE-0328,UNKNOWN,TRUE,VERIFIED_TRUE,0.9,"U.S. Department of the Interior Minerals Management Service Gulf of Mexico OCS Region Safety Alert No. 191 Contact: Joe Gordon December 7, 2000 504-736-3249 Drillship Draw Works Failure A deepwater dr...",HIGH_ENERGY_HAZARD,"Document contains explicit source evidence of high-energy mechanism (crane, well control, fall, fire, explosion, pressure, or line-of-fire) and failed operational barriers meeting SIF precursor threshold.",Safety Alert 191 - Drillship Draw Works Failure,Event narrative body
EVT-BSEE-0332,UNKNOWN,TRUE,VERIFIED_TRUE,0.9,"U.S. Department of the Interior Minerals Management Service Gulf of Mexico OCS Region Safety Alert No. 187 April 3, 2000 Contact: Joe Gordon 504-736-2923 Coiled Tubing Incidents Two recent coiled tubi...",HIGH_ENERGY_HAZARD,"Document contains explicit source evidence of high-energy mechanism (crane, well control, fall, fire, explosion, pressure, or line-of-fire) and failed operational barriers meeting SIF precursor threshold.",Safety Alert 187 - Coiled Tubing Incidents,Event narrative body
EVT-BSEE-0333,UNKNOWN,TRUE,VERIFIED_TRUE,0.9,"U.S. Department of the Interior Minerals Management Service Gulf of Mexico OCS Region Safety Alert No. 186 March 3, 2000 Contact: Joe Gordon 504-736-2923 Accidental Disconnect of Marine Drilling Riser...",HIGH_ENERGY_HAZARD,"Document contains explicit source evidence of high-energy mechanism (crane, well control, fall, fire, explosion, pressure, or line-of-fire) and failed operational barriers meeting SIF precursor threshold.",Safety Alert 186 - Accidental Disconnect of Marine Drilling Risers,Event narrative body
EVT-BSEE-0334,UNKNOWN,TRUE,VERIFIED_TRUE,0.9,"U.S. Department of the Interior Minerals Management Service Gulf of Mexico OCS Region Safety Alert No. 185 November 22, 1999 Contact: David Moore 504-736-2536 Installation and Inspection of Concrete M...",HIGH_ENERGY_HAZARD,"Document contains explicit source evidence of high-energy mechanism (crane, well control, fall, fire, explosion, pressure, or line-of-fire) and failed operational barriers meeting SIF precursor threshold.",Safety Alert 185 - Installation and Inspection of Concrete Mats,Event narrative body
EVT-BSEE-0336,UNKNOWN,UNKNOWN,NEEDS_HUMAN_REVIEW,0.6,"U.S. Department of the Interior Minerals Management Service Gulf of Mexico OCS Region Safety Alert No. 183 November 16, 1999 Contact: Jack Leezy 504-736-2503 Electrical Shock Hazard Recent MMS inspect...",AMBIGUOUS_EVIDENCE,Event narrative provides intermediate operational details with ambiguous energy threshold or incomplete barrier failure information. Preserved as UNKNOWN pending multi-disciplinary engineering review.,Safety Alert 183 - Electrical Shock Hazard,Event narrative body
EVT-BSEE-0338,UNKNOWN,TRUE,VERIFIED_TRUE,0.9,"U.S. Department of the Interior Minerals Management Service Gulf of Mexico OCS Region Safety Alert No. 181 April 28, 1999 Contact: Tommy Laurendine 504-736-5709 Rig Collapse with Fatalities and Injuri...",HIGH_ENERGY_HAZARD,"Document contains explicit source evidence of high-energy mechanism (crane, well control, fall, fire, explosion, pressure, or line-of-fire) and failed operational barriers meeting SIF precursor threshold.",Safety Alert 181 - Rig Collapse with Fatalities and Injuries,Event narrative body
EVT-BSEE-0339,UNKNOWN,TRUE,VERIFIED_TRUE,0.9,"U.S. Department of the Interior Minerals Management Service Gulf of Mexico OCS Region Notice No. 180 March 4, 1999 CONTACT: Felix Dyhrkopp (504) 736-2893 Deepwater Gulf of Mexico OCS Currents You are ...",HIGH_ENERGY_HAZARD,"Document contains explicit source evidence of high-energy mechanism (crane, well control, fall, fire, explosion, pressure, or line-of-fire) and failed operational barriers meeting SIF precursor threshold.",Safety Alert 180 - Deepwater Gulf of America OCS Currents,Event narrative body
EVT-BSEE-0344,UNKNOWN,TRUE,VERIFIED_TRUE,0.9,List of Safety Alerts Concerning Crane Accidents http://www.gomr.boemre.gov/homepg/offshore/safety/safealt/sa_175... U.S. Department of the Interior Minerals Management Service Gulf of Mexico OCS Regi...,HIGH_ENERGY_HAZARD,"Document contains explicit source evidence of high-energy mechanism (crane, well control, fall, fire, explosion, pressure, or line-of-fire) and failed operational barriers meeting SIF precursor threshold.",Safety Alert 175 - List of Safety Alerts Concerning Crane Accidents,Event narrative body
EVT-BSEE-0348,UNKNOWN,TRUE,VERIFIED_TRUE,0.9,Safety Alert No. 171 - List of Gulf of Mexico OCS Region Safety Aler... http://www.gomr.boemre.gov/homepg/offshore/safety/safealt/SA_171... U.S. Department of the Interior Minerals Management Service ...,HIGH_ENERGY_HAZARD,"Document contains explicit source evidence of high-energy mechanism (crane, well control, fall, fire, explosion, pressure, or line-of-fire) and failed operational barriers meeting SIF precursor threshold.",Safety Alert 171 - List of Gulf of America OCS Region Safety Alert and Accident Investigation Reports Concerning Blowouts,Event narrative body
EVT-BSEE-0351,UNKNOWN,UNKNOWN,NEEDS_HUMAN_REVIEW,0.6,"U.S. Department of the Interior Minerals Management Service Gulf of Mexico OCS Region Notice No. 168 August 19, 1996 Twisted Valve Stem and Ineffective Level Safety High Result in Oil Spill Recently, ...",AMBIGUOUS_EVIDENCE,Event narrative provides intermediate operational details with ambiguous energy threshold or incomplete barrier failure information. Preserved as UNKNOWN pending multi-disciplinary engineering review.,Safety Alert 168 - Twisted Valve Stem and Ineffective Level Safety High Result in Oil Spill,Event narrative body
EVT-BSEE-0353,UNKNOWN,TRUE,VERIFIED_TRUE,0.9,Safety Alert No. 166 - Lifting of Personnel by Crane Proves Fatal http://www.gomr.boemre.gov/homepg/offshore/safety/safealt/SA_166... U.S. Department of the Interior Minerals Management Service Gulf o...,HIGH_ENERGY_HAZARD,"Document contains explicit source evidence of high-energy mechanism (crane, well control, fall, fire, explosion, pressure, or line-of-fire) and failed operational barriers meeting SIF precursor threshold.",Safety Alert 166 - Lifting of Personnel by Crane Proves Fatal,Event narrative body
EVT-BSEE-0355,UNKNOWN,TRUE,VERIFIED_TRUE,0.9,Safety Alert No. 164 - Attempt to Stand Gravel Pack Assembly in Der... http://www.gomr.boemre.gov/homepg/offshore/safety/safealt/SA_164... U.S. Department of the Interior Minerals Management Service G...,HIGH_ENERGY_HAZARD,"Document contains explicit source evidence of high-energy mechanism (crane, well control, fall, fire, explosion, pressure, or line-of-fire) and failed operational barriers meeting SIF precursor threshold.",Safety Alert 164 - Attempt to Stand Gravel Pack Assembly in Derrick Proves Fatal,Event narrative body
EVT-BSEE-0356,UNKNOWN,UNKNOWN,NEEDS_HUMAN_REVIEW,0.6,"U.S. Department of the Interior Minerals Management Service Gulf of Mexico OCS Region Notice No. 162 March 9, 1994 Accidents on the OCS Involving Drilling Rigs, Derrick Barges, Pipeline Lay Barges, an...",AMBIGUOUS_EVIDENCE,Event narrative provides intermediate operational details with ambiguous energy threshold or incomplete barrier failure information. Preserved as UNKNOWN pending multi-disciplinary engineering review.,"Safety Alert 163 - Accidents on the OCS Involving Drilling Rigs, Derrick Barges, Pipeline Lay Barges, and Anchor-handling Vessels",Event narrative body
EVT-BSEE-0364,UNKNOWN,TRUE,VERIFIED_TRUE,0.9,Safety Alert No. 155 - Fire on Glycol Reboiler Due to Carry-over an... http://www.gomr.boemre.gov/homepg/offshore/safety/safealt/SA_155... U.S. Department of the Interior Minerals Management Service G...,HIGH_ENERGY_HAZARD,"Document contains explicit source evidence of high-energy mechanism (crane, well control, fall, fire, explosion, pressure, or line-of-fire) and failed operational barriers meeting SIF precursor threshold.",Safety Alert 155 - Fire on Glycol Reboiler Due to Carry-over and Uninsulated Compressor Exhaust,Event narrative body
EVT-BSEE-0366,UNKNOWN,TRUE,VERIFIED_TRUE,0.9,Safety Alert No. 153 - Fire Caused by Cutting Torch Used to Cut Tubing http://www.gomr.boemre.gov/homepg/offshore/safety/safealt/SA_153... U.S. Department of the Interior Minerals Management Service G...,HIGH_ENERGY_HAZARD,"Document contains explicit source evidence of high-energy mechanism (crane, well control, fall, fire, explosion, pressure, or line-of-fire) and failed operational barriers meeting SIF precursor threshold.",Safety Alert 153 - Fire Caused by Cutting Torch Used to Cut Tubing,Event narrative body
EVT-BSEE-0369,UNKNOWN,TRUE,VERIFIED_TRUE,0.9,Safety Alert No. 150 - Fire Occurs During Cutting Operation to Instal... http://www.gomr.boemre.gov/homepg/offshore/safety/safealt/SA_150... U.S. Department of the Interior Minerals Management Service...,HIGH_ENERGY_HAZARD,"Document contains explicit source evidence of high-energy mechanism (crane, well control, fall, fire, explosion, pressure, or line-of-fire) and failed operational barriers meeting SIF precursor threshold.",Safety Alert 150 - Fire Occurs During Cutting Operation to Install Casing Head,Event narrative body
EVT-BSEE-0571,UNKNOWN,UNKNOWN,NEEDS_HUMAN_REVIEW,0.6,Safety Alert No. 007 - Lack of Adequate Supervision by Lease Operat... http://www.gomr.boemre.gov/homepg/offshore/safety/safealt/SA_007... U.S. Department of the Interior Minerals Management Service G...,AMBIGUOUS_EVIDENCE,Event narrative provides intermediate operational details with ambiguous energy threshold or incomplete barrier failure information. Preserved as UNKNOWN pending multi-disciplinary engineering review.,Safety Alert 7 - Lack of Adequate Supervision by Lease Operator of Contract Personnel,Event narrative body
